algo,lightgbm
dataset,bosch
trees,10
batch_size,236750
framework,HummingbirdPytorchGPU
max_gpu_usage,74
max_mem_usage,2297
max_pyt_usage,1845

gpu_usage,0,0,0,0,0,0,0,0,0,0,0,0,0,0,0,0,0,0,0,0,0,0,0,0,0,0,0,0,0,0,0,0,0,0,0,0,0,0,0,0,0,0,0,0,0,0,0,0,0,0,0,0,0,0,0,0,0,0,0,0,0,0,0,0,0,0,0,0,0,0,0,0,0,0,0,0,0,0,0,0,0,0,0,0,0,0,0,0,0,0,0,0,0,0,0,0,0,0,0,0,0,0,0,0,0,0,0,0,0,0,0,0,0,0,0,0,0,0,0,0,0,0,0,0,0,0,0,0,0,0,0,0,0,0,0,0,0,0,0,0,0,0,0,0,0,0,0,0,0,0,0,0,0,0,0,0,0,0,0,0,0,0,0,0,0,0,0,0,0,0,0,0,0,0,0,0,0,0,0,0,0,0,0,0,0,0,0,0,0,0,0,0,0,0,0,0,0,0,0,0,0,0,0,0,0,0,0,0,0,0,0,0,0,0,0,0,0,0,0,0,0,0,0,0,0,0,0,0,0,0,0,0,0,0,0,0,0,0,0,0,0,0,0,0,0,0,0,0,0,0,0,0,0,0,0,0,0,0,0,0,0,0,0,0,0,0,0,2,2,6,6,5,5,5,5,6,6,4,4,6,6,5,5,3,3,6,6,5,5,6,6,5,5,5,5,11,11,74,74,0,0,0,0,0,0,0,0
mem_usage,449,449,449,449,449,449,449,449,449,449,449,449,449,449,449,449,449,449,449,449,449,449,449,449,449,449,449,449,449,449,449,449,449,449,449,449,449,449,449,449,449,449,449,449,449,449,449,449,449,449,449,449,449,449,449,449,449,449,449,449,449,449,449,449,449,449,449,449,449,449,449,449,449,449,449,449,449,449,449,449,449,449,449,449,449,449,449,449,449,449,449,449,449,449,449,449,449,449,449,449,449,449,449,449,449,449,449,449,449,449,449,449,449,449,449,449,449,449,449,449,449,449,449,449,449,449,449,449,449,449,449,449,449,449,449,449,449,449,449,449,449,449,449,449,449,449,449,449,449,449,449,449,449,449,449,449,449,449,449,449,449,449,449,449,449,449,449,449,449,449,449,449,449,449,449,449,449,449,449,449,449,449,449,449,449,449,449,449,449,449,449,449,449,449,449,449,449,449,449,449,449,449,449,449,449,449,449,449,449,449,449,449,449,449,449,449,449,449,449,449,449,449,449,449,449,449,449,449,449,449,449,449,449,449,449,449,449,449,449,449,449,449,449,449,449,449,449,449,449,449,449,449,449,449,449,449,449,449,449,449,449,449,449,449,450,462,462,561,603,623,651,679,707,729,763,789,819,847,869,889,923,945,961,1001,1011,1039,1063,1093,1121,1145,1181,1205,1231,1259,1291,2175,2175,2297,2297,2297,2297,2297,2297,2297,2297,2297,2297
pyt_usage,0,0,0,0,0,0,0,0,0,0,0,0,0,0,0,0,0,0,0,0,0,0,0,0,0,0,0,0,0,0,0,0,0,0,0,0,0,0,0,0,0,0,0,0,0,0,0,0,0,0,0,0,0,0,0,0,0,0,0,0,0,0,0,0,0,0,0,0,0,0,0,0,0,0,0,0,0,0,0,0,0,0,0,0,0,0,0,0,0,0,0,0,0,0,0,0,0,0,0,0,0,0,0,0,0,0,0,0,0,0,0,0,0,0,0,0,0,0,0,0,0,0,0,0,0,0,0,0,0,0,0,0,0,0,0,0,0,0,0,0,0,0,0,0,0,0,0,0,0,0,0,0,0,0,0,0,0,0,0,0,0,0,0,0,0,0,0,0,0,0,0,0,0,0,0,0,0,0,0,0,0,0,0,0,0,0,0,0,0,0,0,0,0,0,0,0,0,0,0,0,0,0,0,0,0,0,0,0,0,0,0,0,0,0,0,0,0,0,0,0,0,0,0,0,0,0,0,0,0,0,0,0,0,0,0,0,0,0,0,0,0,0,0,0,0,0,0,0,0,0,0,0,0,0,0,0,0,0,0,0,0,0,0,0,0,10,10,113,151,171,199,231,255,277,313,339,367,395,417,439,471,493,509,553,561,587,611,641,669,695,729,755,781,807,841,1723,1723,1845,1845,1845,1845,1845,1845,1845,1845,1845,1845
max_usage,15360,15360,15360,15360,15360,15360,15360,15360,15360,15360,15360,15360,15360,15360,15360,15360,15360,15360,15360,15360,15360,15360,15360,15360,15360,15360,15360,15360,15360,15360,15360,15360,15360,15360,15360,15360,15360,15360,15360,15360,15360,15360,15360,15360,15360,15360,15360,15360,15360,15360,15360,15360,15360,15360,15360,15360,15360,15360,15360,15360,15360,15360,15360,15360,15360,15360,15360,15360,15360,15360,15360,15360,15360,15360,15360,15360,15360,15360,15360,15360,15360,15360,15360,15360,15360,15360,15360,15360,15360,15360,15360,15360,15360,15360,15360,15360,15360,15360,15360,15360,15360,15360,15360,15360,15360,15360,15360,15360,15360,15360,15360,15360,15360,15360,15360,15360,15360,15360,15360,15360,15360,15360,15360,15360,15360,15360,15360,15360,15360,15360,15360,15360,15360,15360,15360,15360,15360,15360,15360,15360,15360,15360,15360,15360,15360,15360,15360,15360,15360,15360,15360,15360,15360,15360,15360,15360,15360,15360,15360,15360,15360,15360,15360,15360,15360,15360,15360,15360,15360,15360,15360,15360,15360,15360,15360,15360,15360,15360,15360,15360,15360,15360,15360,15360,15360,15360,15360,15360,15360,15360,15360,15360,15360,15360,15360,15360,15360,15360,15360,15360,15360,15360,15360,15360,15360,15360,15360,15360,15360,15360,15360,15360,15360,15360,15360,15360,15360,15360,15360,15360,15360,15360,15360,15360,15360,15360,15360,15360,15360,15360,15360,15360,15360,15360,15360,15360,15360,15360,15360,15360,15360,15360,15360,15360,15360,15360,15360,15360,15360,15360,15360,15360,15360,15360,15360,15360,15360,15360,15360,15360,15360,15360,15360,15360,15360,15360,15360,15360,15360,15360,15360,15360,15360,15360,15360,15360,15360,15360,15360,15360,15360,15360,15360,15360,15360,15360,15360,15360,15360,15360,15360,15360,15360,15360,15360,15360,15360,15360,15360,15360,15360,15360,15360,15360,15360,15360,15360



algo,lightgbm
dataset,bosch
trees,500
batch_size,236750
framework,HummingbirdPytorchGPU
max_gpu_usage,100
max_mem_usage,7717
max_pyt_usage,7265

gpu_usage,0,0,0,0,0,0,0,0,0,0,0,0,0,0,0,0,0,0,0,0,0,0,0,0,0,0,0,0,0,0,0,0,0,0,0,0,0,0,0,0,0,0,0,0,0,0,0,0,0,0,0,0,0,0,0,0,0,0,0,0,0,0,0,0,0,0,0,0,0,0,0,0,0,0,0,0,0,0,0,0,0,0,0,0,0,0,0,0,0,0,0,0,0,0,0,0,0,0,0,0,0,0,0,0,0,0,0,0,0,0,0,0,0,0,0,0,0,0,0,0,0,0,0,0,0,0,0,0,0,0,0,0,0,0,0,0,0,0,0,0,0,0,0,0,0,0,0,0,0,0,0,0,0,0,0,0,0,0,0,0,0,0,0,0,0,0,0,0,0,0,0,0,0,0,0,0,0,0,0,0,0,0,0,0,0,0,0,0,0,0,0,0,0,0,0,0,0,0,0,0,0,0,0,0,0,0,0,0,0,0,0,0,0,0,0,0,0,0,0,0,0,0,0,0,0,0,0,0,0,0,0,0,0,0,0,0,0,0,0,0,0,0,0,0,0,0,0,0,0,0,0,0,0,0,0,0,0,0,0,0,0,0,0,0,0,0,0,0,0,0,0,0,0,0,0,0,0,0,0,0,0,0,0,0,0,0,0,7,7,4,4,6,6,5,5,6,6,5,5,4,4,7,7,6,6,5,5,5,5,5,5,5,5,6,6,72,72,99,99,100,100,38,38,0,0,0,0,0,0,0,0,0
mem_usage,449,449,449,449,449,449,449,449,449,449,449,449,449,449,449,449,449,449,449,449,449,449,449,449,449,449,449,449,449,449,449,449,449,449,449,449,449,449,449,449,449,449,449,449,449,449,449,449,449,449,449,449,449,449,449,449,449,449,449,449,449,449,449,449,449,449,449,449,449,449,449,449,449,449,449,449,449,449,449,449,449,449,449,449,449,449,449,449,449,449,449,449,449,449,449,449,449,449,449,449,449,449,449,449,449,449,449,449,449,449,449,449,449,449,449,449,449,449,449,449,449,449,449,449,449,449,449,449,449,449,449,449,449,449,449,449,449,449,449,449,449,449,449,449,449,449,449,449,449,449,449,449,449,449,449,449,449,449,449,449,449,449,449,449,449,449,449,449,449,449,449,449,449,449,449,449,449,449,449,449,449,449,449,449,449,449,449,449,449,449,449,449,449,449,449,449,449,449,449,449,449,449,449,449,449,449,449,449,449,449,449,449,449,449,449,449,449,449,449,449,449,449,449,449,449,449,449,449,449,449,449,449,449,449,449,449,449,449,449,449,449,449,449,449,449,449,449,449,449,449,449,449,449,449,449,449,449,449,449,449,449,449,449,449,449,449,449,449,449,449,449,449,449,449,449,449,449,449,449,449,449,449,449,450,452,462,485,601,629,655,687,711,737,751,789,801,827,853,885,919,943,973,1003,1031,1049,1083,1111,1135,1161,1187,1219,1245,1279,2175,2175,6809,7717,7717,7717,7717,7717,7717,7717,7717,7717,7717,7717,7717,7717,7717,7717,7714
pyt_usage,0,0,0,0,0,0,0,0,0,0,0,0,0,0,0,0,0,0,0,0,0,0,0,0,0,0,0,0,0,0,0,0,0,0,0,0,0,0,0,0,0,0,0,0,0,0,0,0,0,0,0,0,0,0,0,0,0,0,0,0,0,0,0,0,0,0,0,0,0,0,0,0,0,0,0,0,0,0,0,0,0,0,0,0,0,0,0,0,0,0,0,0,0,0,0,0,0,0,0,0,0,0,0,0,0,0,0,0,0,0,0,0,0,0,0,0,0,0,0,0,0,0,0,0,0,0,0,0,0,0,0,0,0,0,0,0,0,0,0,0,0,0,0,0,0,0,0,0,0,0,0,0,0,0,0,0,0,0,0,0,0,0,0,0,0,0,0,0,0,0,0,0,0,0,0,0,0,0,0,0,0,0,0,0,0,0,0,0,0,0,0,0,0,0,0,0,0,0,0,0,0,0,0,0,0,0,0,0,0,0,0,0,0,0,0,0,0,0,0,0,0,0,0,0,0,0,0,0,0,0,0,0,0,0,0,0,0,0,0,0,0,0,0,0,0,0,0,0,0,0,0,0,0,0,0,0,0,0,0,0,0,0,0,0,0,0,0,0,0,0,0,0,0,0,0,0,0,0,0,0,0,0,0,0,0,10,33,149,179,207,237,259,285,299,341,351,377,401,435,469,493,521,553,581,597,631,659,683,711,735,767,793,827,1723,1723,7265,7265,7265,7265,7265,7265,7265,7265,7265,7265,7265,7265,7265,7265,7265,7265,7265
max_usage,15360,15360,15360,15360,15360,15360,15360,15360,15360,15360,15360,15360,15360,15360,15360,15360,15360,15360,15360,15360,15360,15360,15360,15360,15360,15360,15360,15360,15360,15360,15360,15360,15360,15360,15360,15360,15360,15360,15360,15360,15360,15360,15360,15360,15360,15360,15360,15360,15360,15360,15360,15360,15360,15360,15360,15360,15360,15360,15360,15360,15360,15360,15360,15360,15360,15360,15360,15360,15360,15360,15360,15360,15360,15360,15360,15360,15360,15360,15360,15360,15360,15360,15360,15360,15360,15360,15360,15360,15360,15360,15360,15360,15360,15360,15360,15360,15360,15360,15360,15360,15360,15360,15360,15360,15360,15360,15360,15360,15360,15360,15360,15360,15360,15360,15360,15360,15360,15360,15360,15360,15360,15360,15360,15360,15360,15360,15360,15360,15360,15360,15360,15360,15360,15360,15360,15360,15360,15360,15360,15360,15360,15360,15360,15360,15360,15360,15360,15360,15360,15360,15360,15360,15360,15360,15360,15360,15360,15360,15360,15360,15360,15360,15360,15360,15360,15360,15360,15360,15360,15360,15360,15360,15360,15360,15360,15360,15360,15360,15360,15360,15360,15360,15360,15360,15360,15360,15360,15360,15360,15360,15360,15360,15360,15360,15360,15360,15360,15360,15360,15360,15360,15360,15360,15360,15360,15360,15360,15360,15360,15360,15360,15360,15360,15360,15360,15360,15360,15360,15360,15360,15360,15360,15360,15360,15360,15360,15360,15360,15360,15360,15360,15360,15360,15360,15360,15360,15360,15360,15360,15360,15360,15360,15360,15360,15360,15360,15360,15360,15360,15360,15360,15360,15360,15360,15360,15360,15360,15360,15360,15360,15360,15360,15360,15360,15360,15360,15360,15360,15360,15360,15360,15360,15360,15360,15360,15360,15360,15360,15360,15360,15360,15360,15360,15360,15360,15360,15360,15360,15360,15360,15360,15360,15360,15360,15360,15360,15360,15360,15360,15360,15360,15360,15360,15360,15360,15360,15360,15360,15360,15360,15360,15360,15360,15360,15360,15360,15360,15360,15360,15360,15360,15360,15360,15360,15360,15360,15360,15360,15360,15360,15360,15360



algo,lightgbm
dataset,bosch
trees,10
batch_size,1000
framework,HummingbirdTVMGPU
max_gpu_usage,26
max_mem_usage,647
max_pyt_usage,195

gpu_usage,32,32,0,0,0,0,0,0,0,0,0,0,0,0,0,0,0,0,0,0,0,0,0,0,0,0,0,0,0,0,0,0,0,0,0,0,0,0,0,0,0,0,0,0,0,0,0,0,0,0,0,0,0,0,0,0,0,0,0,0,0,0,0,0,0,0,0,0,0,0,0,0,0,0,0,0,0,0,0,0,0,0,0,0,0,0,0,0,0,0,0,0,0,0,0,0,0,0,0,0,0,0,0,0,0,0,0,0,0,0,0,0,0,0,0,0,0,0,0,0,0,0,0,0,0,0,0,0,0,0,0,0,0,0,0,0,0,0,0,0,0,0,0,0,0,0,0,0,0,0,0,0,0,0,0,0,0,0,0,0,0,0,0,0,0,0,0,0,0,0,0,0,0,0,0,0,0,0,0,0,0,0,0,0,0,0,0,0,0,0,0,0,0,0,0,0,0,0,0,0,0,0,0,0,0,0,0,0,0,0,0,0,0,0,0,0,0,0,0,0,0,0,0,0,0,0,0,0,0,0,0,0,0,0,0,0,0,0,0,0,0,0,0,0,0,0,0,0,0,0,0,0,0,0,0,0,0,0,0,0,0,0,0,0,0,0,0,0,0,0,0,0,0,0,0,0,0,0,0,0,0,0,0,0,0,0,0,0,0,0,0,0,0,0,0,0,0,0,0,0,0,0,0,0,0,0,0,0,0,0,0,0,0,0,0,0,0,0,0,0,0,0,0,0,0,0,0,0,0,0,0,0,0,0,0,0,0,0,0,0,0,0,0,0,0,0,0,0,0,0,0,0,0,0,0,0,0,0,0,0,0,0,0,0,0,0,0,0,0,0,0,0,0,0,0,0,0,0,0,0,0,0,0,0,0,0,0,0,0,0,0,0,0,0,0,0,0,0,0,0,0,0,0,0,0,2,2,3,3,6,6,0,0,0,0,0,0,0,0,0,0,0,0,0,0,0,0,0,0,0,0,0,0,0,0,0,0,0,0,0,0,0,0,0,0,0,0,0,0,0,0,0,0,0,0,0,0,0,0,0,0,0,0,0,0,0,0,0,0,0,0,0,0,0,0,0,0,0,0,0,0,0,0,0,0,0,0,0,0,0,0,0,0,0,0,0,0,0,0,0,0,0,0,0,0,0,0,0,0,0,0,0,0,0,0,0,0,0,0,0,0,0,0,0,0,0,0,0,0,0,0,0,0,0,0,0,0,0,0,0,0,0,0,0,26,26,26,26,26,26,18,18,0,0,0,0,0,0,0
mem_usage,449,449,449,449,449,449,449,449,449,449,449,449,449,449,449,449,449,449,449,449,449,449,449,449,449,449,449,449,449,449,449,449,449,449,449,449,449,449,449,449,449,449,449,449,449,449,449,449,449,449,449,449,449,449,449,449,449,449,449,449,449,449,449,449,449,449,449,449,449,449,449,449,449,449,449,449,449,449,449,449,449,449,449,449,449,449,449,449,449,449,449,449,449,449,449,449,449,449,449,449,449,449,449,449,449,449,449,449,449,449,449,449,449,449,449,449,449,449,449,449,449,449,449,449,449,449,449,449,449,449,449,449,449,449,449,449,449,449,449,449,449,449,449,449,449,449,449,449,449,449,449,449,449,449,449,449,449,449,449,449,449,449,449,449,449,449,449,449,449,449,449,449,449,449,449,449,449,449,449,449,449,449,449,449,449,449,449,449,449,449,449,449,449,449,449,449,449,449,449,449,449,449,449,449,449,449,449,449,449,449,449,449,449,449,449,449,449,449,449,449,449,449,449,449,449,449,449,449,449,449,449,449,449,449,449,449,449,449,449,449,449,449,449,449,449,449,449,449,449,449,449,449,449,449,449,449,449,449,449,449,449,449,449,449,449,450,452,452,452,452,452,452,452,452,452,452,452,452,452,452,452,452,452,452,452,452,452,452,452,452,452,452,452,452,452,452,452,452,452,452,452,452,452,452,452,452,452,452,452,452,452,452,452,452,452,452,452,452,452,452,452,452,452,452,452,452,452,452,452,452,452,452,452,452,452,452,452,452,452,452,452,452,452,452,452,452,452,452,452,452,452,452,452,452,452,452,452,452,452,452,452,452,452,452,452,452,452,452,452,452,452,452,452,452,452,452,452,452,452,452,452,452,452,452,452,452,452,452,452,452,452,452,452,452,452,452,452,452,452,452,452,452,452,452,462,483,563,613,635,635,635,635,635,635,635,635,635,635,635,635,635,635,635,635,635,635,635,635,635,635,635,635,635,635,635,635,635,635,635,635,635,635,635,635,635,635,635,635,635,635,635,635,635,635,635,635,635,635,635,635,635,635,635,635,635,635,635,635,635,635,635,635,635,635,635,635,635,635,635,635,635,635,635,635,635,635,635,635,635,635,635,635,635,635,635,635,635,635,635,635,635,635,635,635,635,635,635,635,635,635,635,635,635,635,635,635,635,635,635,635,635,635,635,635,635,635,635,635,635,635,635,635,635,635,635,635,635,635,635,635,635,635,647,643,647,647,647,647,643,647,647,647,647,639,629,629,629,629,629
pyt_usage,0,0,0,0,0,0,0,0,0,0,0,0,0,0,0,0,0,0,0,0,0,0,0,0,0,0,0,0,0,0,0,0,0,0,0,0,0,0,0,0,0,0,0,0,0,0,0,0,0,0,0,0,0,0,0,0,0,0,0,0,0,0,0,0,0,0,0,0,0,0,0,0,0,0,0,0,0,0,0,0,0,0,0,0,0,0,0,0,0,0,0,0,0,0,0,0,0,0,0,0,0,0,0,0,0,0,0,0,0,0,0,0,0,0,0,0,0,0,0,0,0,0,0,0,0,0,0,0,0,0,0,0,0,0,0,0,0,0,0,0,0,0,0,0,0,0,0,0,0,0,0,0,0,0,0,0,0,0,0,0,0,0,0,0,0,0,0,0,0,0,0,0,0,0,0,0,0,0,0,0,0,0,0,0,0,0,0,0,0,0,0,0,0,0,0,0,0,0,0,0,0,0,0,0,0,0,0,0,0,0,0,0,0,0,0,0,0,0,0,0,0,0,0,0,0,0,0,0,0,0,0,0,0,0,0,0,0,0,0,0,0,0,0,0,0,0,0,0,0,0,0,0,0,0,0,0,0,0,0,0,0,0,0,0,0,0,0,0,0,0,0,0,0,0,0,0,0,0,0,0,0,0,0,0,0,0,0,0,0,0,0,0,0,0,0,0,0,0,0,0,0,0,0,0,0,0,0,0,0,0,0,0,0,0,0,0,0,0,0,0,0,0,0,0,0,0,0,0,0,0,0,0,0,0,0,0,0,0,0,0,0,0,0,0,0,0,0,0,0,0,0,0,0,0,0,0,0,0,0,0,0,0,0,0,0,0,0,0,0,0,0,0,0,0,0,0,0,0,0,0,0,0,0,0,0,0,0,0,0,0,0,0,0,0,0,0,0,0,0,0,0,0,0,0,10,31,111,161,183,183,183,183,183,183,183,183,183,183,183,183,183,183,183,183,183,183,183,183,183,183,183,183,183,183,183,183,183,183,183,183,183,183,183,183,183,183,183,183,183,183,183,183,183,183,183,183,183,183,183,183,183,183,183,183,183,183,183,183,183,183,183,183,183,183,183,183,183,183,183,183,183,183,183,183,183,183,183,183,183,183,183,183,183,183,183,183,183,183,183,183,183,183,183,183,183,183,183,183,183,183,183,183,183,183,183,183,183,183,183,183,183,183,183,183,183,183,183,183,183,183,183,183,183,183,183,183,183,183,183,183,183,183,191,191,191,191,195,191,191,195,195,195,195,187,177,177,177,177,177
max_usage,15360,15360,15360,15360,15360,15360,15360,15360,15360,15360,15360,15360,15360,15360,15360,15360,15360,15360,15360,15360,15360,15360,15360,15360,15360,15360,15360,15360,15360,15360,15360,15360,15360,15360,15360,15360,15360,15360,15360,15360,15360,15360,15360,15360,15360,15360,15360,15360,15360,15360,15360,15360,15360,15360,15360,15360,15360,15360,15360,15360,15360,15360,15360,15360,15360,15360,15360,15360,15360,15360,15360,15360,15360,15360,15360,15360,15360,15360,15360,15360,15360,15360,15360,15360,15360,15360,15360,15360,15360,15360,15360,15360,15360,15360,15360,15360,15360,15360,15360,15360,15360,15360,15360,15360,15360,15360,15360,15360,15360,15360,15360,15360,15360,15360,15360,15360,15360,15360,15360,15360,15360,15360,15360,15360,15360,15360,15360,15360,15360,15360,15360,15360,15360,15360,15360,15360,15360,15360,15360,15360,15360,15360,15360,15360,15360,15360,15360,15360,15360,15360,15360,15360,15360,15360,15360,15360,15360,15360,15360,15360,15360,15360,15360,15360,15360,15360,15360,15360,15360,15360,15360,15360,15360,15360,15360,15360,15360,15360,15360,15360,15360,15360,15360,15360,15360,15360,15360,15360,15360,15360,15360,15360,15360,15360,15360,15360,15360,15360,15360,15360,15360,15360,15360,15360,15360,15360,15360,15360,15360,15360,15360,15360,15360,15360,15360,15360,15360,15360,15360,15360,15360,15360,15360,15360,15360,15360,15360,15360,15360,15360,15360,15360,15360,15360,15360,15360,15360,15360,15360,15360,15360,15360,15360,15360,15360,15360,15360,15360,15360,15360,15360,15360,15360,15360,15360,15360,15360,15360,15360,15360,15360,15360,15360,15360,15360,15360,15360,15360,15360,15360,15360,15360,15360,15360,15360,15360,15360,15360,15360,15360,15360,15360,15360,15360,15360,15360,15360,15360,15360,15360,15360,15360,15360,15360,15360,15360,15360,15360,15360,15360,15360,15360,15360,15360,15360,15360,15360,15360,15360,15360,15360,15360,15360,15360,15360,15360,15360,15360,15360,15360,15360,15360,15360,15360,15360,15360,15360,15360,15360,15360,15360,15360,15360,15360,15360,15360,15360,15360,15360,15360,15360,15360,15360,15360,15360,15360,15360,15360,15360,15360,15360,15360,15360,15360,15360,15360,15360,15360,15360,15360,15360,15360,15360,15360,15360,15360,15360,15360,15360,15360,15360,15360,15360,15360,15360,15360,15360,15360,15360,15360,15360,15360,15360,15360,15360,15360,15360,15360,15360,15360,15360,15360,15360,15360,15360,15360,15360,15360,15360,15360,15360,15360,15360,15360,15360,15360,15360,15360,15360,15360,15360,15360,15360,15360,15360,15360,15360,15360,15360,15360,15360,15360,15360,15360,15360,15360,15360,15360,15360,15360,15360,15360,15360,15360,15360,15360,15360,15360,15360,15360,15360,15360,15360,15360,15360,15360,15360,15360,15360,15360,15360,15360,15360,15360,15360,15360,15360,15360,15360,15360,15360,15360,15360,15360,15360,15360,15360,15360,15360,15360,15360,15360,15360,15360,15360,15360,15360,15360,15360,15360,15360,15360,15360,15360,15360,15360,15360,15360,15360,15360,15360,15360,15360,15360,15360,15360,15360,15360,15360,15360,15360,15360,15360,15360,15360,15360,15360,15360,15360,15360,15360,15360,15360,15360,15360,15360,15360,15360,15360,15360,15360,15360,15360,15360,15360,15360,15360,15360,15360,15360,15360,15360,15360,15360,15360,15360,15360,15360,15360,15360,15360,15360,15360,15360,15360,15360,15360,15360,15360,15360,15360,15360,15360,15360,15360,15360,15360,15360,15360



algo,lightgbm
dataset,bosch
trees,1600
batch_size,1000
framework,HummingbirdTVMGPU
max_gpu_usage,54
max_mem_usage,707
max_pyt_usage,255

gpu_usage,12,0,0,0,0,0,0,0,0,0,0,0,0,0,0,0,0,0,0,0,0,0,0,0,0,0,0,0,0,0,0,0,0,0,0,0,0,0,0,0,0,0,0,0,0,0,0,0,0,0,0,0,0,0,0,0,0,0,0,0,0,0,0,0,0,0,0,0,0,0,0,0,0,0,0,0,0,0,0,0,0,0,0,0,0,0,0,0,0,0,0,0,0,0,0,0,0,0,0,0,0,0,0,0,0,0,0,0,0,0,0,0,0,0,0,0,0,0,0,0,0,0,0,0,0,0,0,0,0,0,0,0,0,0,0,0,0,0,0,0,0,0,0,0,0,0,0,0,0,0,0,0,0,0,0,0,0,0,0,0,0,0,0,0,0,0,0,0,0,0,0,0,0,0,0,0,0,0,0,0,0,0,0,0,0,0,0,0,0,0,0,0,0,0,0,0,0,0,0,0,0,0,0,0,0,0,0,0,0,0,0,0,0,0,0,0,0,0,0,0,0,0,0,0,0,0,0,0,0,0,0,0,0,0,0,0,0,0,0,0,0,0,0,0,0,0,0,0,0,0,0,0,0,0,0,0,0,0,0,0,0,0,0,0,0,0,0,0,0,0,0,0,0,0,0,0,0,0,0,0,0,0,0,0,0,0,0,0,0,0,0,0,0,0,0,0,0,0,0,0,0,0,0,0,0,0,0,0,0,0,0,0,0,0,0,0,0,0,0,0,0,0,0,0,0,0,0,0,0,0,0,0,0,0,0,0,0,0,0,0,0,0,0,0,0,0,0,0,0,0,0,0,0,0,0,0,0,0,0,0,0,0,0,0,0,0,0,0,0,0,0,0,0,0,0,0,0,0,0,0,0,0,0,0,0,0,0,0,0,0,0,0,0,0,0,0,0,0,0,0,0,0,0,0,0,0,0,0,0,0,0,0,0,0,0,0,0,0,0,0,0,0,0,0,0,0,0,0,0,0,0,0,0,0,0,0,0,0,0,0,0,0,0,0,0,0,0,0,0,0,0,0,0,0,0,0,0,0,5,5,8,8,0,0,0,0,0,0,0,0,0,0,0,0,0,0,0,0,0,0,0,0,0,0,0,0,0,0,0,0,0,0,0,0,0,0,0,0,0,0,0,0,0,0,0,0,0,0,0,0,0,0,0,0,0,0,0,0,0,0,0,0,0,0,0,0,0,0,0,0,0,0,0,0,0,0,0,0,0,0,0,0,0,0,0,0,0,0,0,0,0,0,0,0,0,0,0,0,0,0,0,0,0,0,0,0,0,0,0,0,0,0,0,0,0,0,0,0,0,0,0,0,0,0,0,0,0,0,0,0,0,0,0,0,0,0,0,0,0,0,0,0,0,0,0,0,0,0,0,0,0,0,0,0,0,0,0,0,0,0,0,0,0,0,0,0,0,0,0,0,0,0,0,0,0,0,0,0,0,0,0,0,35,35,54,54,50,50,47,47,45,45,33,33,0,0,0,0,1,1,0,0,0,0
mem_usage,449,449,449,449,449,449,449,449,449,449,449,449,449,449,449,449,449,449,449,449,449,449,449,449,449,449,449,449,449,449,449,449,449,449,449,449,449,449,449,449,449,449,449,449,449,449,449,449,449,449,449,449,449,449,449,449,449,449,449,449,449,449,449,449,449,449,449,449,449,449,449,449,449,449,449,449,449,449,449,449,449,449,449,449,449,449,449,449,449,449,449,449,449,449,449,449,449,449,449,449,449,449,449,449,449,449,449,449,449,449,449,449,449,449,449,449,449,449,449,449,449,449,449,449,449,449,449,449,449,449,449,449,449,449,449,449,449,449,449,449,449,449,449,449,449,449,449,449,449,449,449,449,449,449,449,449,449,449,449,449,449,449,449,449,449,449,449,449,449,449,449,449,449,449,449,449,449,449,449,449,449,449,449,449,449,449,449,449,449,449,449,449,449,449,449,449,449,449,449,449,449,449,449,449,449,449,449,449,449,449,449,449,449,449,449,449,449,449,449,449,449,449,449,449,449,449,449,449,449,449,449,449,449,449,449,449,449,449,449,449,449,449,449,449,449,449,449,449,449,449,449,449,449,449,449,449,449,449,449,449,449,449,449,449,449,449,449,449,449,449,449,449,449,449,449,449,449,449,449,449,449,449,449,449,449,449,449,449,449,449,449,449,449,449,449,449,449,449,449,449,449,449,449,449,449,449,449,449,449,449,449,449,449,449,449,449,449,449,449,449,449,449,449,449,449,452,452,452,452,452,452,452,452,452,452,452,452,452,452,452,452,452,452,452,452,452,452,452,452,452,452,452,452,452,452,452,452,452,452,452,452,452,452,452,452,452,452,452,452,452,452,452,452,452,452,452,452,452,452,452,452,452,452,452,452,452,452,452,452,452,452,452,452,452,452,452,452,452,452,452,452,452,452,452,452,452,452,452,452,452,452,452,452,452,452,452,452,452,452,452,452,452,452,452,452,452,452,452,452,452,452,452,452,452,452,452,452,452,452,452,452,452,452,452,452,452,452,452,452,452,452,452,452,452,454,462,485,563,615,669,669,669,669,669,669,669,669,669,669,669,669,669,669,669,669,669,669,669,669,669,669,669,669,669,669,669,669,669,669,669,669,669,669,669,669,669,669,669,669,669,669,669,669,669,669,669,669,669,669,669,669,669,669,669,669,669,669,669,669,669,669,669,669,669,669,669,669,669,669,669,669,669,669,669,669,669,669,669,669,669,669,669,669,669,669,669,669,669,669,669,669,669,669,669,669,669,669,669,669,669,669,669,669,669,669,669,669,669,669,669,669,669,669,669,669,669,669,669,669,669,669,669,669,669,669,669,669,669,669,669,669,669,669,669,669,669,669,669,669,669,669,669,669,669,669,669,669,669,669,669,669,669,669,669,669,669,669,669,669,669,669,669,669,669,669,669,669,669,669,669,669,669,669,669,669,669,669,669,669,669,669,707,707,707,707,703,703,703,707,703,703,707,707,707,707,707,707,629,629,629,629,629,629,629
pyt_usage,0,0,0,0,0,0,0,0,0,0,0,0,0,0,0,0,0,0,0,0,0,0,0,0,0,0,0,0,0,0,0,0,0,0,0,0,0,0,0,0,0,0,0,0,0,0,0,0,0,0,0,0,0,0,0,0,0,0,0,0,0,0,0,0,0,0,0,0,0,0,0,0,0,0,0,0,0,0,0,0,0,0,0,0,0,0,0,0,0,0,0,0,0,0,0,0,0,0,0,0,0,0,0,0,0,0,0,0,0,0,0,0,0,0,0,0,0,0,0,0,0,0,0,0,0,0,0,0,0,0,0,0,0,0,0,0,0,0,0,0,0,0,0,0,0,0,0,0,0,0,0,0,0,0,0,0,0,0,0,0,0,0,0,0,0,0,0,0,0,0,0,0,0,0,0,0,0,0,0,0,0,0,0,0,0,0,0,0,0,0,0,0,0,0,0,0,0,0,0,0,0,0,0,0,0,0,0,0,0,0,0,0,0,0,0,0,0,0,0,0,0,0,0,0,0,0,0,0,0,0,0,0,0,0,0,0,0,0,0,0,0,0,0,0,0,0,0,0,0,0,0,0,0,0,0,0,0,0,0,0,0,0,0,0,0,0,0,0,0,0,0,0,0,0,0,0,0,0,0,0,0,0,0,0,0,0,0,0,0,0,0,0,0,0,0,0,0,0,0,0,0,0,0,0,0,0,0,0,0,0,0,0,0,0,0,0,0,0,0,0,0,0,0,0,0,0,0,0,0,0,0,0,0,0,0,0,0,0,0,0,0,0,0,0,0,0,0,0,0,0,0,0,0,0,0,0,0,0,0,0,0,0,0,0,0,0,0,0,0,0,0,0,0,0,0,0,0,0,0,0,0,0,0,0,0,0,0,0,0,0,0,0,0,0,0,0,0,0,0,0,0,0,0,0,0,0,0,0,0,0,0,0,0,0,0,0,0,0,0,0,0,0,0,0,0,0,0,0,0,0,0,0,0,0,0,0,0,0,0,0,0,0,0,0,0,0,0,0,0,0,0,0,0,0,0,10,97,111,163,217,217,217,217,217,217,217,217,217,217,217,217,217,217,217,217,217,217,217,217,217,217,217,217,217,217,217,217,217,217,217,217,217,217,217,217,217,217,217,217,217,217,217,217,217,217,217,217,217,217,217,217,217,217,217,217,217,217,217,217,217,217,217,217,217,217,217,217,217,217,217,217,217,217,217,217,217,217,217,217,217,217,217,217,217,217,217,217,217,217,217,217,217,217,217,217,217,217,217,217,217,217,217,217,217,217,217,217,217,217,217,217,217,217,217,217,217,217,217,217,217,217,217,217,217,217,217,217,217,217,217,217,217,217,217,217,217,217,217,217,217,217,217,217,217,217,217,217,217,217,217,217,217,217,217,217,217,217,217,217,217,217,217,217,217,217,217,217,217,217,217,217,217,217,217,217,217,217,217,217,217,217,255,251,255,255,251,255,251,255,251,255,255,255,255,255,255,255,177,177,177,177,177,177,177
max_usage,15360,15360,15360,15360,15360,15360,15360,15360,15360,15360,15360,15360,15360,15360,15360,15360,15360,15360,15360,15360,15360,15360,15360,15360,15360,15360,15360,15360,15360,15360,15360,15360,15360,15360,15360,15360,15360,15360,15360,15360,15360,15360,15360,15360,15360,15360,15360,15360,15360,15360,15360,15360,15360,15360,15360,15360,15360,15360,15360,15360,15360,15360,15360,15360,15360,15360,15360,15360,15360,15360,15360,15360,15360,15360,15360,15360,15360,15360,15360,15360,15360,15360,15360,15360,15360,15360,15360,15360,15360,15360,15360,15360,15360,15360,15360,15360,15360,15360,15360,15360,15360,15360,15360,15360,15360,15360,15360,15360,15360,15360,15360,15360,15360,15360,15360,15360,15360,15360,15360,15360,15360,15360,15360,15360,15360,15360,15360,15360,15360,15360,15360,15360,15360,15360,15360,15360,15360,15360,15360,15360,15360,15360,15360,15360,15360,15360,15360,15360,15360,15360,15360,15360,15360,15360,15360,15360,15360,15360,15360,15360,15360,15360,15360,15360,15360,15360,15360,15360,15360,15360,15360,15360,15360,15360,15360,15360,15360,15360,15360,15360,15360,15360,15360,15360,15360,15360,15360,15360,15360,15360,15360,15360,15360,15360,15360,15360,15360,15360,15360,15360,15360,15360,15360,15360,15360,15360,15360,15360,15360,15360,15360,15360,15360,15360,15360,15360,15360,15360,15360,15360,15360,15360,15360,15360,15360,15360,15360,15360,15360,15360,15360,15360,15360,15360,15360,15360,15360,15360,15360,15360,15360,15360,15360,15360,15360,15360,15360,15360,15360,15360,15360,15360,15360,15360,15360,15360,15360,15360,15360,15360,15360,15360,15360,15360,15360,15360,15360,15360,15360,15360,15360,15360,15360,15360,15360,15360,15360,15360,15360,15360,15360,15360,15360,15360,15360,15360,15360,15360,15360,15360,15360,15360,15360,15360,15360,15360,15360,15360,15360,15360,15360,15360,15360,15360,15360,15360,15360,15360,15360,15360,15360,15360,15360,15360,15360,15360,15360,15360,15360,15360,15360,15360,15360,15360,15360,15360,15360,15360,15360,15360,15360,15360,15360,15360,15360,15360,15360,15360,15360,15360,15360,15360,15360,15360,15360,15360,15360,15360,15360,15360,15360,15360,15360,15360,15360,15360,15360,15360,15360,15360,15360,15360,15360,15360,15360,15360,15360,15360,15360,15360,15360,15360,15360,15360,15360,15360,15360,15360,15360,15360,15360,15360,15360,15360,15360,15360,15360,15360,15360,15360,15360,15360,15360,15360,15360,15360,15360,15360,15360,15360,15360,15360,15360,15360,15360,15360,15360,15360,15360,15360,15360,15360,15360,15360,15360,15360,15360,15360,15360,15360,15360,15360,15360,15360,15360,15360,15360,15360,15360,15360,15360,15360,15360,15360,15360,15360,15360,15360,15360,15360,15360,15360,15360,15360,15360,15360,15360,15360,15360,15360,15360,15360,15360,15360,15360,15360,15360,15360,15360,15360,15360,15360,15360,15360,15360,15360,15360,15360,15360,15360,15360,15360,15360,15360,15360,15360,15360,15360,15360,15360,15360,15360,15360,15360,15360,15360,15360,15360,15360,15360,15360,15360,15360,15360,15360,15360,15360,15360,15360,15360,15360,15360,15360,15360,15360,15360,15360,15360,15360,15360,15360,15360,15360,15360,15360,15360,15360,15360,15360,15360,15360,15360,15360,15360,15360,15360,15360,15360,15360,15360,15360,15360,15360,15360,15360,15360,15360,15360,15360,15360,15360,15360,15360,15360,15360,15360,15360,15360,15360,15360,15360,15360,15360,15360,15360,15360,15360,15360,15360,15360,15360,15360,15360,15360,15360,15360,15360,15360,15360,15360,15360,15360,15360,15360,15360,15360,15360,15360,15360,15360,15360,15360,15360,15360,15360,15360,15360,15360,15360,15360,15360,15360,15360,15360,15360,15360,15360,15360,15360,15360,15360,15360,15360,15360,15360,15360,15360,15360,15360,15360,15360,15360,15360,15360,15360,15360,15360,15360,15360,15360,15360,15360,15360,15360,15360,15360,15360,15360,15360,15360,15360,15360,15360,15360,15360,15360,15360,15360,15360,15360,15360,15360,15360,15360,15360,15360,15360,15360,15360,15360,15360,15360,15360,15360,15360,15360,15360,15360,15360,15360,15360,15360,15360,15360



algo,lightgbm
dataset,bosch
trees,500
batch_size,10000
framework,HummingbirdTVMGPU
max_gpu_usage,37
max_mem_usage,907
max_pyt_usage,455

gpu_usage,73,73,11,11,0,0,0,0,0,0,0,0,0,0,0,0,0,0,0,0,0,0,0,0,0,0,0,0,0,0,0,0,0,0,0,0,0,0,0,0,0,0,0,0,0,0,0,0,0,0,0,0,0,0,0,0,0,0,0,0,0,0,0,0,0,0,0,0,0,0,0,0,0,0,0,0,0,0,0,0,0,0,0,0,0,0,0,0,0,0,0,0,0,0,0,0,0,0,0,0,0,0,0,0,0,0,0,0,0,0,0,0,0,0,0,0,0,0,0,0,0,0,0,0,0,0,0,0,0,0,0,0,0,0,0,0,0,0,0,0,0,0,0,0,0,0,0,0,0,0,0,0,0,0,0,0,0,0,0,0,0,0,0,0,0,0,0,0,0,0,0,0,0,0,0,0,0,0,0,0,0,0,0,0,0,0,0,0,0,0,0,0,0,0,0,0,0,0,0,0,0,0,0,0,0,0,0,0,0,0,0,0,0,0,0,0,0,0,0,0,0,0,0,0,0,0,0,0,0,0,0,0,0,0,0,0,0,0,0,0,0,0,0,0,0,0,0,0,0,0,0,0,0,0,0,0,0,0,0,0,0,0,0,0,0,0,0,0,0,0,0,0,0,0,0,0,0,0,0,0,0,0,0,0,0,0,0,0,0,0,0,0,0,0,0,0,0,0,0,0,0,0,0,0,0,0,0,0,0,0,0,0,0,0,0,0,0,0,0,0,0,0,0,0,0,0,0,0,0,0,0,0,0,0,0,0,0,0,0,0,0,0,0,0,0,0,0,0,0,0,0,0,0,0,0,0,0,0,0,0,0,0,0,0,0,0,0,0,0,0,0,0,0,0,0,0,0,0,0,0,0,0,0,0,0,0,0,0,0,0,0,0,0,0,0,0,0,0,0,0,0,0,0,0,0,0,0,0,0,0,0,0,0,0,0,0,0,0,0,0,0,0,0,0,0,0,0,0,0,0,0,0,0,0,0,0,0,6,6,6,6,0,0,0,0,0,0,0,0,0,0,0,0,0,0,0,0,0,0,0,0,0,0,0,0,0,0,0,0,0,0,0,0,0,0,0,0,0,0,0,0,0,0,0,0,0,0,0,0,0,0,0,0,0,0,0,0,0,0,0,0,0,0,0,0,0,0,0,0,0,0,0,0,0,0,0,0,0,0,0,0,0,0,0,0,0,0,0,0,0,0,0,0,0,0,0,0,0,0,0,0,0,0,0,0,0,0,0,0,0,0,0,0,0,0,0,0,0,0,0,0,0,0,0,0,0,0,0,0,0,0,0,0,0,0,0,0,0,0,0,0,0,0,0,0,0,0,0,0,0,0,31,31,37,37,37,35,35,36,36,8,8,2,2,3,3,0,0,0
mem_usage,449,449,449,449,449,449,449,449,449,449,449,449,449,449,449,449,449,449,449,449,449,449,449,449,449,449,449,449,449,449,449,449,449,449,449,449,449,449,449,449,449,449,449,449,449,449,449,449,449,449,449,449,449,449,449,449,449,449,449,449,449,449,449,449,449,449,449,449,449,449,449,449,449,449,449,449,449,449,449,449,449,449,449,449,449,449,449,449,449,449,449,449,449,449,449,449,449,449,449,449,449,449,449,449,449,449,449,449,449,449,449,449,449,449,449,449,449,449,449,449,449,449,449,449,449,449,449,449,449,449,449,449,449,449,449,449,449,449,449,449,449,449,449,449,449,449,449,449,449,449,449,449,449,449,449,449,449,449,449,449,449,449,449,449,449,449,449,449,449,449,449,449,449,449,449,449,449,449,449,449,449,449,449,449,449,449,449,449,449,449,449,449,449,449,449,449,449,449,449,449,449,449,449,449,449,449,449,449,449,449,449,449,449,449,449,449,449,449,449,449,449,449,449,449,449,449,449,449,449,449,449,449,449,449,449,449,449,449,449,449,449,449,449,449,449,449,449,449,449,449,449,449,449,449,449,449,449,449,449,449,449,449,449,449,449,449,449,449,449,449,449,449,449,449,449,449,449,449,449,450,452,452,452,452,452,452,452,452,452,452,452,452,452,452,452,452,452,452,452,452,452,452,452,452,452,452,452,452,452,452,452,452,452,452,452,452,452,452,452,452,452,452,452,452,452,452,452,452,452,452,452,452,452,452,452,452,452,452,452,452,452,452,452,452,452,452,452,452,452,452,452,452,452,452,452,452,452,452,452,452,452,452,452,452,452,452,452,452,452,452,452,452,452,452,452,452,452,452,452,452,452,452,452,452,452,452,452,452,452,452,452,452,452,452,452,452,452,452,452,452,452,452,452,452,452,452,452,452,452,452,452,452,452,452,452,452,452,452,452,452,452,452,452,452,452,452,452,452,452,452,452,452,452,452,462,462,565,577,627,751,751,751,751,751,751,751,751,751,751,751,751,751,751,751,751,751,751,751,751,751,751,751,751,751,751,751,751,751,751,751,751,751,751,751,751,751,751,751,751,751,751,751,751,751,751,751,751,751,751,751,751,751,751,751,751,751,751,751,751,751,751,751,751,751,751,751,751,751,751,751,751,751,751,751,751,751,751,751,751,751,751,751,751,751,751,751,751,751,751,751,751,751,751,751,751,751,751,751,751,751,751,751,751,751,751,751,751,751,751,751,751,751,751,751,751,751,751,751,751,751,751,751,751,751,751,751,751,751,751,751,751,751,751,751,751,751,751,751,751,751,751,751,751,751,751,751,751,751,751,751,907,907,907,907,869,869,907,907,895,895,895,789,789,629,629,629,629,629,629
pyt_usage,0,0,0,0,0,0,0,0,0,0,0,0,0,0,0,0,0,0,0,0,0,0,0,0,0,0,0,0,0,0,0,0,0,0,0,0,0,0,0,0,0,0,0,0,0,0,0,0,0,0,0,0,0,0,0,0,0,0,0,0,0,0,0,0,0,0,0,0,0,0,0,0,0,0,0,0,0,0,0,0,0,0,0,0,0,0,0,0,0,0,0,0,0,0,0,0,0,0,0,0,0,0,0,0,0,0,0,0,0,0,0,0,0,0,0,0,0,0,0,0,0,0,0,0,0,0,0,0,0,0,0,0,0,0,0,0,0,0,0,0,0,0,0,0,0,0,0,0,0,0,0,0,0,0,0,0,0,0,0,0,0,0,0,0,0,0,0,0,0,0,0,0,0,0,0,0,0,0,0,0,0,0,0,0,0,0,0,0,0,0,0,0,0,0,0,0,0,0,0,0,0,0,0,0,0,0,0,0,0,0,0,0,0,0,0,0,0,0,0,0,0,0,0,0,0,0,0,0,0,0,0,0,0,0,0,0,0,0,0,0,0,0,0,0,0,0,0,0,0,0,0,0,0,0,0,0,0,0,0,0,0,0,0,0,0,0,0,0,0,0,0,0,0,0,0,0,0,0,0,0,0,0,0,0,0,0,0,0,0,0,0,0,0,0,0,0,0,0,0,0,0,0,0,0,0,0,0,0,0,0,0,0,0,0,0,0,0,0,0,0,0,0,0,0,0,0,0,0,0,0,0,0,0,0,0,0,0,0,0,0,0,0,0,0,0,0,0,0,0,0,0,0,0,0,0,0,0,0,0,0,0,0,0,0,0,0,0,0,0,0,0,0,0,0,0,0,0,0,0,0,0,0,0,0,0,0,0,0,0,0,0,0,0,0,0,0,0,0,0,0,0,0,0,0,0,0,0,0,0,0,0,0,0,0,0,0,0,0,0,0,0,0,0,0,0,0,0,0,0,0,0,0,0,0,10,10,113,125,215,299,299,299,299,299,299,299,299,299,299,299,299,299,299,299,299,299,299,299,299,299,299,299,299,299,299,299,299,299,299,299,299,299,299,299,299,299,299,299,299,299,299,299,299,299,299,299,299,299,299,299,299,299,299,299,299,299,299,299,299,299,299,299,299,299,299,299,299,299,299,299,299,299,299,299,299,299,299,299,299,299,299,299,299,299,299,299,299,299,299,299,299,299,299,299,299,299,299,299,299,299,299,299,299,299,299,299,299,299,299,299,299,299,299,299,299,299,299,299,299,299,299,299,299,299,299,299,299,299,299,299,299,299,299,299,299,299,299,299,299,299,299,299,299,299,299,299,299,299,299,299,455,455,455,455,455,417,417,417,443,443,443,337,299,177,177,177,177,177,177
max_usage,15360,15360,15360,15360,15360,15360,15360,15360,15360,15360,15360,15360,15360,15360,15360,15360,15360,15360,15360,15360,15360,15360,15360,15360,15360,15360,15360,15360,15360,15360,15360,15360,15360,15360,15360,15360,15360,15360,15360,15360,15360,15360,15360,15360,15360,15360,15360,15360,15360,15360,15360,15360,15360,15360,15360,15360,15360,15360,15360,15360,15360,15360,15360,15360,15360,15360,15360,15360,15360,15360,15360,15360,15360,15360,15360,15360,15360,15360,15360,15360,15360,15360,15360,15360,15360,15360,15360,15360,15360,15360,15360,15360,15360,15360,15360,15360,15360,15360,15360,15360,15360,15360,15360,15360,15360,15360,15360,15360,15360,15360,15360,15360,15360,15360,15360,15360,15360,15360,15360,15360,15360,15360,15360,15360,15360,15360,15360,15360,15360,15360,15360,15360,15360,15360,15360,15360,15360,15360,15360,15360,15360,15360,15360,15360,15360,15360,15360,15360,15360,15360,15360,15360,15360,15360,15360,15360,15360,15360,15360,15360,15360,15360,15360,15360,15360,15360,15360,15360,15360,15360,15360,15360,15360,15360,15360,15360,15360,15360,15360,15360,15360,15360,15360,15360,15360,15360,15360,15360,15360,15360,15360,15360,15360,15360,15360,15360,15360,15360,15360,15360,15360,15360,15360,15360,15360,15360,15360,15360,15360,15360,15360,15360,15360,15360,15360,15360,15360,15360,15360,15360,15360,15360,15360,15360,15360,15360,15360,15360,15360,15360,15360,15360,15360,15360,15360,15360,15360,15360,15360,15360,15360,15360,15360,15360,15360,15360,15360,15360,15360,15360,15360,15360,15360,15360,15360,15360,15360,15360,15360,15360,15360,15360,15360,15360,15360,15360,15360,15360,15360,15360,15360,15360,15360,15360,15360,15360,15360,15360,15360,15360,15360,15360,15360,15360,15360,15360,15360,15360,15360,15360,15360,15360,15360,15360,15360,15360,15360,15360,15360,15360,15360,15360,15360,15360,15360,15360,15360,15360,15360,15360,15360,15360,15360,15360,15360,15360,15360,15360,15360,15360,15360,15360,15360,15360,15360,15360,15360,15360,15360,15360,15360,15360,15360,15360,15360,15360,15360,15360,15360,15360,15360,15360,15360,15360,15360,15360,15360,15360,15360,15360,15360,15360,15360,15360,15360,15360,15360,15360,15360,15360,15360,15360,15360,15360,15360,15360,15360,15360,15360,15360,15360,15360,15360,15360,15360,15360,15360,15360,15360,15360,15360,15360,15360,15360,15360,15360,15360,15360,15360,15360,15360,15360,15360,15360,15360,15360,15360,15360,15360,15360,15360,15360,15360,15360,15360,15360,15360,15360,15360,15360,15360,15360,15360,15360,15360,15360,15360,15360,15360,15360,15360,15360,15360,15360,15360,15360,15360,15360,15360,15360,15360,15360,15360,15360,15360,15360,15360,15360,15360,15360,15360,15360,15360,15360,15360,15360,15360,15360,15360,15360,15360,15360,15360,15360,15360,15360,15360,15360,15360,15360,15360,15360,15360,15360,15360,15360,15360,15360,15360,15360,15360,15360,15360,15360,15360,15360,15360,15360,15360,15360,15360,15360,15360,15360,15360,15360,15360,15360,15360,15360,15360,15360,15360,15360,15360,15360,15360,15360,15360,15360,15360,15360,15360,15360,15360,15360,15360,15360,15360,15360,15360,15360,15360,15360,15360,15360,15360,15360,15360,15360,15360,15360,15360,15360,15360,15360,15360,15360,15360,15360,15360,15360,15360,15360,15360,15360,15360,15360,15360,15360,15360,15360,15360,15360,15360,15360,15360,15360,15360,15360,15360,15360,15360,15360,15360,15360,15360,15360,15360,15360,15360,15360,15360,15360,15360,15360,15360,15360,15360,15360,15360,15360,15360,15360,15360,15360,15360,15360,15360,15360,15360,15360,15360,15360,15360,15360,15360,15360,15360,15360,15360,15360,15360,15360,15360,15360,15360,15360,15360,15360,15360,15360,15360,15360,15360,15360,15360,15360,15360



algo,lightgbm
dataset,bosch
trees,1600
batch_size,1000
framework,NvidiaFILGPU
max_gpu_usage,45
max_mem_usage,1457
max_pyt_usage,1005

gpu_usage,2,2,0,0,0,0,0,0,0,0,0,0,0,0,0,0,0,0,0,0,0,0,0,0,0,0,0,0,0,0,0,0,0,0,0,0,0,0,0,0,0,0,0,0,0,0,0,0,0,0,0,0,0,0,0,0,0,0,0,0,0,0,0,0,0,0,0,0,0,0,0,0,0,0,0,0,0,0,0,0,0,0,0,0,0,0,0,0,0,0,0,0,0,0,0,0,0,0,0,0,0,0,0,0,0,0,0,0,0,0,0,0,0,0,0,0,0,0,0,0,0,0,0,0,0,0,0,0,0,0,0,0,0,0,0,0,0,0,0,0,0,0,0,0,0,0,0,0,0,0,0,0,0,0,0,0,0,0,0,0,0,0,0,0,0,0,0,0,0,0,0,0,0,0,0,0,0,0,0,0,0,0,0,0,0,0,0,0,0,0,0,0,0,0,0,0,0,0,0,0,0,0,0,0,0,0,0,0,0,0,0,0,0,0,0,0,0,0,0,0,0,0,0,0,0,0,0,0,0,0,0,0,0,0,0,0,0,0,0,0,0,0,0,0,0,0,0,0,0,0,0,0,0,0,0,0,0,0,0,0,0,3,3,0,0,0,0,0,0,0,0,0,0,6,6,6,6,6,6,7,7,6,6,8,8,7,7,9,9,5,5,7,7,5,5,7,7,4,4,2,2,28,28,45,45,44,44,43,43,43,43,41,41,41,41,27,27,0,0,0,0,0,0,0,0,0,0
mem_usage,449,449,449,449,449,449,449,449,449,449,449,449,449,449,449,449,449,449,449,449,449,449,449,449,449,449,449,449,449,449,449,449,449,449,449,449,449,449,449,449,449,449,449,449,449,449,449,449,449,449,449,449,449,449,449,449,449,449,449,449,449,449,449,449,449,449,449,449,449,449,449,449,449,449,449,449,449,449,449,449,449,449,449,449,449,449,449,449,449,449,449,449,449,449,449,449,449,449,449,449,449,449,449,449,449,449,449,449,449,449,449,449,449,449,449,449,449,449,449,449,449,449,449,449,449,449,449,449,449,449,449,449,449,449,449,449,449,449,449,449,449,449,449,449,449,449,449,449,449,449,449,449,449,449,449,449,449,449,449,449,449,449,449,449,449,449,449,449,449,449,449,449,449,449,449,449,449,449,449,449,449,449,449,449,449,449,449,449,449,449,449,449,449,449,449,449,449,449,449,449,449,449,449,449,449,449,449,449,449,449,449,449,449,449,449,449,449,449,449,449,449,449,449,449,449,449,449,449,449,449,449,449,449,449,449,449,449,449,449,449,449,449,449,449,449,449,449,449,449,449,449,449,449,449,449,449,450,452,462,469,549,549,549,549,549,549,549,549,549,549,549,555,587,621,653,693,719,761,795,825,861,897,931,973,1013,1045,1095,1135,1159,1187,1225,1261,1295,1335,1365,1395,1425,1425,1425,1457,1457,1441,1457,1449,1449,1441,1449,1449,1449,1449,1441,1449,1449,1457,1441,1441,1441,1441,1441,1441,1425,1425,1425,1425,1425,1425,1425
pyt_usage,0,0,0,0,0,0,0,0,0,0,0,0,0,0,0,0,0,0,0,0,0,0,0,0,0,0,0,0,0,0,0,0,0,0,0,0,0,0,0,0,0,0,0,0,0,0,0,0,0,0,0,0,0,0,0,0,0,0,0,0,0,0,0,0,0,0,0,0,0,0,0,0,0,0,0,0,0,0,0,0,0,0,0,0,0,0,0,0,0,0,0,0,0,0,0,0,0,0,0,0,0,0,0,0,0,0,0,0,0,0,0,0,0,0,0,0,0,0,0,0,0,0,0,0,0,0,0,0,0,0,0,0,0,0,0,0,0,0,0,0,0,0,0,0,0,0,0,0,0,0,0,0,0,0,0,0,0,0,0,0,0,0,0,0,0,0,0,0,0,0,0,0,0,0,0,0,0,0,0,0,0,0,0,0,0,0,0,0,0,0,0,0,0,0,0,0,0,0,0,0,0,0,0,0,0,0,0,0,0,0,0,0,0,0,0,0,0,0,0,0,0,0,0,0,0,0,0,0,0,0,0,0,0,0,0,0,0,0,0,0,0,0,0,0,0,0,0,0,0,0,0,0,0,0,0,0,0,0,10,17,97,97,97,97,97,97,97,97,97,97,97,105,135,171,201,243,267,309,343,373,409,445,481,523,563,593,647,685,709,741,775,809,843,883,913,943,973,973,973,1005,989,997,997,997,997,997,1005,997,997,997,1005,997,997,997,997,989,989,989,989,989,973,973,973,973,973,973,973
max_usage,15360,15360,15360,15360,15360,15360,15360,15360,15360,15360,15360,15360,15360,15360,15360,15360,15360,15360,15360,15360,15360,15360,15360,15360,15360,15360,15360,15360,15360,15360,15360,15360,15360,15360,15360,15360,15360,15360,15360,15360,15360,15360,15360,15360,15360,15360,15360,15360,15360,15360,15360,15360,15360,15360,15360,15360,15360,15360,15360,15360,15360,15360,15360,15360,15360,15360,15360,15360,15360,15360,15360,15360,15360,15360,15360,15360,15360,15360,15360,15360,15360,15360,15360,15360,15360,15360,15360,15360,15360,15360,15360,15360,15360,15360,15360,15360,15360,15360,15360,15360,15360,15360,15360,15360,15360,15360,15360,15360,15360,15360,15360,15360,15360,15360,15360,15360,15360,15360,15360,15360,15360,15360,15360,15360,15360,15360,15360,15360,15360,15360,15360,15360,15360,15360,15360,15360,15360,15360,15360,15360,15360,15360,15360,15360,15360,15360,15360,15360,15360,15360,15360,15360,15360,15360,15360,15360,15360,15360,15360,15360,15360,15360,15360,15360,15360,15360,15360,15360,15360,15360,15360,15360,15360,15360,15360,15360,15360,15360,15360,15360,15360,15360,15360,15360,15360,15360,15360,15360,15360,15360,15360,15360,15360,15360,15360,15360,15360,15360,15360,15360,15360,15360,15360,15360,15360,15360,15360,15360,15360,15360,15360,15360,15360,15360,15360,15360,15360,15360,15360,15360,15360,15360,15360,15360,15360,15360,15360,15360,15360,15360,15360,15360,15360,15360,15360,15360,15360,15360,15360,15360,15360,15360,15360,15360,15360,15360,15360,15360,15360,15360,15360,15360,15360,15360,15360,15360,15360,15360,15360,15360,15360,15360,15360,15360,15360,15360,15360,15360,15360,15360,15360,15360,15360,15360,15360,15360,15360,15360,15360,15360,15360,15360,15360,15360,15360,15360,15360,15360,15360,15360,15360,15360,15360,15360,15360,15360,15360,15360,15360,15360,15360,15360,15360,15360,15360,15360,15360,15360,15360,15360,15360,15360,15360,15360,15360,15360,15360,15360,15360,15360,15360,15360,15360,15360,15360,15360,15360



algo,xgboost
dataset,bosch
trees,10
batch_size,236750
framework,HummingbirdPytorchGPU
max_gpu_usage,58
max_mem_usage,2297
max_pyt_usage,1845

gpu_usage,0,0,0,0,0,0,0,0,0,0,0,0,0,0,0,0,0,0,0,0,0,0,0,0,0,0,0,0,0,0,0,0,0,0,0,0,0,0,0,0,0,0,0,0,0,0,0,0,0,0,0,0,0,0,0,0,0,0,0,0,0,0,0,0,0,0,0,0,0,0,0,0,0,0,0,0,0,0,0,0,0,0,0,0,0,0,0,0,0,0,0,0,0,0,0,0,0,0,0,0,0,0,0,0,0,0,0,0,0,0,0,0,0,0,0,0,0,0,0,0,0,0,0,0,0,0,0,0,0,0,0,0,0,0,0,0,0,0,0,0,0,0,0,0,0,0,0,0,0,0,0,0,0,0,0,0,0,0,0,0,0,0,0,0,0,0,0,0,0,0,0,0,0,0,0,0,0,0,0,0,0,0,0,0,0,0,0,0,0,0,0,0,0,0,0,0,0,0,0,0,0,0,0,0,0,0,0,0,0,0,0,0,0,0,0,0,0,0,0,0,0,0,0,0,0,0,0,0,0,0,0,0,0,0,0,0,0,0,0,0,0,0,0,0,0,0,0,0,0,0,0,0,0,0,0,0,0,0,0,0,0,0,0,0,0,0,0,0,0,0,0,0,0,0,0,0,0,0,0,0,0,0,0,0,0,0,0,0,0,0,0,0,0,0,0,0,0,0,0,0,0,0,0,0,0,0,0,0,0,0,0,0,0,0,0,0,0,0,0,0,0,0,0,0,0,0,0,0,0,0,0,0,0,0,0,0,4,4,1,1,8,8,2,2,4,4,2,2,3,3,3,3,4,4,2,2,4,4,3,3,2,2,3,3,5,5,4,4,3,3,3,3,5,5,3,3,3,3,2,2,24,24,58,58,0,0,0,0,0,0,0,0,0,0,0,0,2,2,4,4,7,7,22
mem_usage,449,449,449,449,449,449,449,449,449,449,449,449,449,449,449,449,449,449,449,449,449,449,449,449,449,449,449,449,449,449,449,449,449,449,449,449,449,449,449,449,449,449,449,449,449,449,449,449,449,449,449,449,449,449,449,449,449,449,449,449,449,449,449,449,449,449,449,449,449,449,449,449,449,449,449,449,449,449,449,449,449,449,449,449,449,449,449,449,449,449,449,449,449,449,449,449,449,449,449,449,449,449,449,449,449,449,449,449,449,449,449,449,449,449,449,449,449,449,449,449,449,449,449,449,449,449,449,449,449,449,449,449,449,449,449,449,449,449,449,449,449,449,449,449,449,449,449,449,449,449,449,449,449,449,449,449,449,449,449,449,449,449,449,449,449,449,449,449,449,449,449,449,449,449,449,449,449,449,449,449,449,449,449,449,449,449,449,449,449,449,449,449,449,449,449,449,449,449,449,449,449,449,449,449,449,449,449,449,449,449,449,449,449,449,449,449,449,449,449,449,449,449,449,449,449,449,449,449,449,449,449,449,449,449,449,449,449,449,449,449,449,449,449,449,449,449,449,449,449,449,449,449,449,449,449,449,449,449,449,449,449,449,449,449,449,449,449,449,450,452,452,452,452,452,452,452,452,452,452,452,452,452,452,452,452,452,452,452,452,452,452,452,452,452,452,452,452,452,452,452,452,452,452,452,452,452,452,452,452,452,452,452,452,452,452,452,452,452,452,452,452,452,452,452,452,452,452,452,452,452,452,452,452,462,462,483,553,555,601,623,637,651,679,689,709,717,733,745,761,779,803,821,829,841,863,877,891,903,921,935,953,969,979,1009,1023,1047,1059,1077,1099,1119,1145,1165,1181,1203,1219,1233,1247,1263,1283,2175,2175,2195,2297,2297,2297,2297,2297,2297,2297,2297,2297,2297,2297,2297,2297,2253,2171,2075,1977,1813,1549,1465,452
pyt_usage,0,0,0,0,0,0,0,0,0,0,0,0,0,0,0,0,0,0,0,0,0,0,0,0,0,0,0,0,0,0,0,0,0,0,0,0,0,0,0,0,0,0,0,0,0,0,0,0,0,0,0,0,0,0,0,0,0,0,0,0,0,0,0,0,0,0,0,0,0,0,0,0,0,0,0,0,0,0,0,0,0,0,0,0,0,0,0,0,0,0,0,0,0,0,0,0,0,0,0,0,0,0,0,0,0,0,0,0,0,0,0,0,0,0,0,0,0,0,0,0,0,0,0,0,0,0,0,0,0,0,0,0,0,0,0,0,0,0,0,0,0,0,0,0,0,0,0,0,0,0,0,0,0,0,0,0,0,0,0,0,0,0,0,0,0,0,0,0,0,0,0,0,0,0,0,0,0,0,0,0,0,0,0,0,0,0,0,0,0,0,0,0,0,0,0,0,0,0,0,0,0,0,0,0,0,0,0,0,0,0,0,0,0,0,0,0,0,0,0,0,0,0,0,0,0,0,0,0,0,0,0,0,0,0,0,0,0,0,0,0,0,0,0,0,0,0,0,0,0,0,0,0,0,0,0,0,0,0,0,0,0,0,0,0,0,0,0,0,0,0,0,0,0,0,0,0,0,0,0,0,0,0,0,0,0,0,0,0,0,0,0,0,0,0,0,0,0,0,0,0,0,0,0,0,0,0,0,0,0,0,0,0,0,0,0,0,0,0,0,0,0,0,0,0,0,0,0,0,0,0,0,0,0,10,10,33,101,105,149,173,185,199,227,237,257,267,285,293,309,327,351,369,377,389,411,427,439,453,469,485,501,517,527,559,571,595,609,629,647,667,693,713,729,751,767,783,797,811,831,1723,1723,1763,1845,1845,1845,1845,1845,1845,1845,1845,1845,1845,1845,1845,1845,1801,1713,1623,1523,1357,1093,0,0
max_usage,15360,15360,15360,15360,15360,15360,15360,15360,15360,15360,15360,15360,15360,15360,15360,15360,15360,15360,15360,15360,15360,15360,15360,15360,15360,15360,15360,15360,15360,15360,15360,15360,15360,15360,15360,15360,15360,15360,15360,15360,15360,15360,15360,15360,15360,15360,15360,15360,15360,15360,15360,15360,15360,15360,15360,15360,15360,15360,15360,15360,15360,15360,15360,15360,15360,15360,15360,15360,15360,15360,15360,15360,15360,15360,15360,15360,15360,15360,15360,15360,15360,15360,15360,15360,15360,15360,15360,15360,15360,15360,15360,15360,15360,15360,15360,15360,15360,15360,15360,15360,15360,15360,15360,15360,15360,15360,15360,15360,15360,15360,15360,15360,15360,15360,15360,15360,15360,15360,15360,15360,15360,15360,15360,15360,15360,15360,15360,15360,15360,15360,15360,15360,15360,15360,15360,15360,15360,15360,15360,15360,15360,15360,15360,15360,15360,15360,15360,15360,15360,15360,15360,15360,15360,15360,15360,15360,15360,15360,15360,15360,15360,15360,15360,15360,15360,15360,15360,15360,15360,15360,15360,15360,15360,15360,15360,15360,15360,15360,15360,15360,15360,15360,15360,15360,15360,15360,15360,15360,15360,15360,15360,15360,15360,15360,15360,15360,15360,15360,15360,15360,15360,15360,15360,15360,15360,15360,15360,15360,15360,15360,15360,15360,15360,15360,15360,15360,15360,15360,15360,15360,15360,15360,15360,15360,15360,15360,15360,15360,15360,15360,15360,15360,15360,15360,15360,15360,15360,15360,15360,15360,15360,15360,15360,15360,15360,15360,15360,15360,15360,15360,15360,15360,15360,15360,15360,15360,15360,15360,15360,15360,15360,15360,15360,15360,15360,15360,15360,15360,15360,15360,15360,15360,15360,15360,15360,15360,15360,15360,15360,15360,15360,15360,15360,15360,15360,15360,15360,15360,15360,15360,15360,15360,15360,15360,15360,15360,15360,15360,15360,15360,15360,15360,15360,15360,15360,15360,15360,15360,15360,15360,15360,15360,15360,15360,15360,15360,15360,15360,15360,15360,15360,15360,15360,15360,15360,15360,15360,15360,15360,15360,15360,15360,15360,15360,15360,15360,15360,15360,15360,15360,15360,15360,15360,15360,15360,15360,15360,15360,15360,15360,15360,15360,15360,15360,15360,15360,15360,15360,15360,15360,15360,15360,15360,15360,15360,15360,15360,15360,15360,15360,15360,15360,15360,15360,15360,15360,15360,15360,15360,15360,15360,15360,15360,15360,15360,15360,15360,15360,15360,15360,15360,15360,15360,15360,15360,15360,15360,15360,15360,15360,15360,15360,15360



algo,xgboost
dataset,bosch
trees,500
batch_size,236750
framework,HummingbirdPytorchGPU
max_gpu_usage,100
max_mem_usage,7717
max_pyt_usage,7265

gpu_usage,4,4,0,0,0,0,0,0,0,0,0,0,0,0,0,0,0,0,0,0,0,0,0,0,0,0,0,0,0,0,0,0,0,0,0,0,0,0,0,0,0,0,0,0,0,0,0,0,0,0,0,0,0,0,0,0,0,0,0,0,0,0,0,0,0,0,0,0,0,0,0,0,0,0,0,0,0,0,0,0,0,0,0,0,0,0,0,0,0,0,0,0,0,0,0,0,0,0,0,0,0,0,0,0,0,0,0,0,0,0,0,0,0,0,0,0,0,0,0,0,0,0,0,0,0,0,0,0,0,0,0,0,0,0,0,0,0,0,0,0,0,0,0,0,0,0,0,0,0,0,0,0,0,0,0,0,0,0,0,0,0,0,0,0,0,0,0,0,0,0,0,0,0,0,0,0,0,0,0,0,0,0,0,0,0,0,0,0,0,0,0,0,0,0,0,0,0,0,0,0,0,0,0,0,0,0,0,0,0,0,0,0,0,0,0,0,0,0,0,0,0,0,0,0,0,0,0,0,0,0,0,0,0,0,0,0,0,0,0,0,0,0,0,0,0,0,0,0,0,0,0,0,0,0,0,0,0,0,0,0,0,0,0,0,0,0,0,0,0,0,0,0,0,0,0,0,0,0,0,0,0,0,0,0,0,0,0,0,0,0,0,9,9,6,6,5,5,5,5,5,5,4,4,5,5,6,6,5,5,5,5,4,4,6,6,5,5,23,23,84,84,100,100,100,100,4,4,0,0,0,0,0,0,2,2,3,3,6,6
mem_usage,449,449,449,449,449,449,449,449,449,449,449,449,449,449,449,449,449,449,449,449,449,449,449,449,449,449,449,449,449,449,449,449,449,449,449,449,449,449,449,449,449,449,449,449,449,449,449,449,449,449,449,449,449,449,449,449,449,449,449,449,449,449,449,449,449,449,449,449,449,449,449,449,449,449,449,449,449,449,449,449,449,449,449,449,449,449,449,449,449,449,449,449,449,449,449,449,449,449,449,449,449,449,449,449,449,449,449,449,449,449,449,449,449,449,449,449,449,449,449,449,449,449,449,449,449,449,449,449,449,449,449,449,449,449,449,449,449,449,449,449,449,449,449,449,449,449,449,449,449,449,449,449,449,449,449,449,449,449,449,449,449,449,449,449,449,449,449,449,449,449,449,449,449,449,449,449,449,449,449,449,449,449,449,449,449,449,449,449,449,449,449,449,449,449,449,449,449,449,449,449,449,449,449,449,449,449,449,449,449,449,449,449,449,449,449,449,449,449,449,449,449,449,449,449,449,449,449,449,449,449,449,449,449,449,449,449,449,449,449,449,449,450,452,452,452,452,452,452,452,452,452,452,452,452,452,452,452,452,452,452,452,452,452,452,452,452,452,452,452,452,452,452,452,452,452,452,452,452,452,452,452,452,452,452,452,452,452,462,462,573,599,627,647,677,705,733,757,787,815,843,871,895,927,959,983,1009,1035,1061,1091,1121,1147,1151,1197,1213,1239,1269,1299,2175,5905,7717,7717,7717,7717,7717,7717,7717,7717,7717,7717,7717,7717,7679,7593,7489,7359,7209,6965,452,452
pyt_usage,0,0,0,0,0,0,0,0,0,0,0,0,0,0,0,0,0,0,0,0,0,0,0,0,0,0,0,0,0,0,0,0,0,0,0,0,0,0,0,0,0,0,0,0,0,0,0,0,0,0,0,0,0,0,0,0,0,0,0,0,0,0,0,0,0,0,0,0,0,0,0,0,0,0,0,0,0,0,0,0,0,0,0,0,0,0,0,0,0,0,0,0,0,0,0,0,0,0,0,0,0,0,0,0,0,0,0,0,0,0,0,0,0,0,0,0,0,0,0,0,0,0,0,0,0,0,0,0,0,0,0,0,0,0,0,0,0,0,0,0,0,0,0,0,0,0,0,0,0,0,0,0,0,0,0,0,0,0,0,0,0,0,0,0,0,0,0,0,0,0,0,0,0,0,0,0,0,0,0,0,0,0,0,0,0,0,0,0,0,0,0,0,0,0,0,0,0,0,0,0,0,0,0,0,0,0,0,0,0,0,0,0,0,0,0,0,0,0,0,0,0,0,0,0,0,0,0,0,0,0,0,0,0,0,0,0,0,0,0,0,0,0,0,0,0,0,0,0,0,0,0,0,0,0,0,0,0,0,0,0,0,0,0,0,0,0,0,0,0,0,0,0,0,0,0,0,0,0,0,0,0,0,0,0,0,0,0,10,10,121,147,177,199,225,255,281,305,335,365,393,419,443,477,511,531,557,587,613,641,669,697,699,745,763,787,817,1723,1723,7263,7265,7265,7265,7265,7265,7265,7265,7265,7265,7265,7265,7265,7227,7139,7035,6905,6749,0,0,0
max_usage,15360,15360,15360,15360,15360,15360,15360,15360,15360,15360,15360,15360,15360,15360,15360,15360,15360,15360,15360,15360,15360,15360,15360,15360,15360,15360,15360,15360,15360,15360,15360,15360,15360,15360,15360,15360,15360,15360,15360,15360,15360,15360,15360,15360,15360,15360,15360,15360,15360,15360,15360,15360,15360,15360,15360,15360,15360,15360,15360,15360,15360,15360,15360,15360,15360,15360,15360,15360,15360,15360,15360,15360,15360,15360,15360,15360,15360,15360,15360,15360,15360,15360,15360,15360,15360,15360,15360,15360,15360,15360,15360,15360,15360,15360,15360,15360,15360,15360,15360,15360,15360,15360,15360,15360,15360,15360,15360,15360,15360,15360,15360,15360,15360,15360,15360,15360,15360,15360,15360,15360,15360,15360,15360,15360,15360,15360,15360,15360,15360,15360,15360,15360,15360,15360,15360,15360,15360,15360,15360,15360,15360,15360,15360,15360,15360,15360,15360,15360,15360,15360,15360,15360,15360,15360,15360,15360,15360,15360,15360,15360,15360,15360,15360,15360,15360,15360,15360,15360,15360,15360,15360,15360,15360,15360,15360,15360,15360,15360,15360,15360,15360,15360,15360,15360,15360,15360,15360,15360,15360,15360,15360,15360,15360,15360,15360,15360,15360,15360,15360,15360,15360,15360,15360,15360,15360,15360,15360,15360,15360,15360,15360,15360,15360,15360,15360,15360,15360,15360,15360,15360,15360,15360,15360,15360,15360,15360,15360,15360,15360,15360,15360,15360,15360,15360,15360,15360,15360,15360,15360,15360,15360,15360,15360,15360,15360,15360,15360,15360,15360,15360,15360,15360,15360,15360,15360,15360,15360,15360,15360,15360,15360,15360,15360,15360,15360,15360,15360,15360,15360,15360,15360,15360,15360,15360,15360,15360,15360,15360,15360,15360,15360,15360,15360,15360,15360,15360,15360,15360,15360,15360,15360,15360,15360,15360,15360,15360,15360,15360,15360,15360,15360,15360,15360,15360,15360,15360,15360,15360,15360,15360,15360,15360,15360,15360,15360,15360,15360,15360,15360,15360,15360,15360,15360,15360,15360,15360,15360,15360,15360,15360,15360,15360,15360,15360,15360,15360,15360,15360,15360



algo,xgboost
dataset,bosch
trees,10
batch_size,1000
framework,HummingbirdTVMGPU
max_gpu_usage,25
max_mem_usage,647
max_pyt_usage,195

gpu_usage,3,0,0,0,0,0,0,0,0,0,0,0,0,0,0,0,0,0,0,0,0,0,0,0,0,0,0,0,0,0,0,0,0,0,0,0,0,0,0,0,0,0,0,0,0,0,0,0,0,0,0,0,0,0,0,0,0,0,0,0,0,0,0,0,0,0,0,0,0,0,0,0,0,0,0,0,0,0,0,0,0,0,0,0,0,0,0,0,0,0,0,0,0,0,0,0,0,0,0,0,0,0,0,0,0,0,0,0,0,0,0,0,0,0,0,0,0,0,0,0,0,0,0,0,0,0,0,0,0,0,0,0,0,0,0,0,0,0,0,0,0,0,0,0,0,0,0,0,0,0,0,0,0,0,0,0,0,0,0,0,0,0,0,0,0,0,0,0,0,0,0,0,0,0,0,0,0,0,0,0,0,0,0,0,0,0,0,0,0,0,0,0,0,0,0,0,0,0,0,0,0,0,0,0,0,0,0,0,0,0,0,0,0,0,0,0,0,0,0,0,0,0,0,0,0,0,0,0,0,0,0,0,0,0,0,0,0,0,0,0,0,0,0,0,0,0,0,0,0,0,0,0,0,0,0,0,0,0,0,0,0,0,0,0,0,0,0,0,0,0,0,0,0,0,0,0,0,0,0,0,0,0,0,0,0,0,0,0,0,0,0,0,0,0,0,0,0,0,0,0,0,0,0,0,0,0,0,0,0,0,0,0,0,0,0,0,0,0,0,0,0,0,0,0,0,0,0,0,0,0,0,0,0,0,0,0,0,0,0,0,0,0,0,0,0,0,0,0,0,0,0,0,0,0,0,0,0,0,0,0,0,0,0,0,0,0,0,0,0,0,0,0,0,0,0,0,0,0,0,0,0,0,0,0,0,0,0,0,0,0,0,0,0,0,0,0,0,0,0,0,0,0,0,0,0,0,0,0,0,0,0,0,0,0,5,5,2,2,5,5,0,0,0,0,0,0,0,0,0,0,0,0,0,0,0,0,0,0,0,0,0,0,0,0,0,0,0,0,0,0,0,0,0,0,0,0,0,0,0,0,0,0,0,0,0,0,0,0,0,0,0,0,0,0,0,0,0,0,0,0,0,0,0,0,0,0,0,0,0,0,0,0,0,0,0,0,0,0,0,0,0,0,0,0,0,0,0,0,0,0,0,0,0,0,0,0,0,0,0,0,0,0,0,0,0,0,0,0,0,0,0,0,0,0,0,0,0,0,0,0,0,0,0,0,0,0,0,0,0,0,0,11,11,25,25,25,25,25,25,19,19,0,0,0,0,0,0,0,0,0
mem_usage,449,449,449,449,449,449,449,449,449,449,449,449,449,449,449,449,449,449,449,449,449,449,449,449,449,449,449,449,449,449,449,449,449,449,449,449,449,449,449,449,449,449,449,449,449,449,449,449,449,449,449,449,449,449,449,449,449,449,449,449,449,449,449,449,449,449,449,449,449,449,449,449,449,449,449,449,449,449,449,449,449,449,449,449,449,449,449,449,449,449,449,449,449,449,449,449,449,449,449,449,449,449,449,449,449,449,449,449,449,449,449,449,449,449,449,449,449,449,449,449,449,449,449,449,449,449,449,449,449,449,449,449,449,449,449,449,449,449,449,449,449,449,449,449,449,449,449,449,449,449,449,449,449,449,449,449,449,449,449,449,449,449,449,449,449,449,449,449,449,449,449,449,449,449,449,449,449,449,449,449,449,449,449,449,449,449,449,449,449,449,449,449,449,449,449,449,449,449,449,449,449,449,449,449,449,449,449,449,449,449,449,449,449,449,449,449,449,449,449,449,449,449,449,449,449,449,449,449,449,449,449,449,449,449,449,449,449,449,449,449,452,452,452,452,452,452,452,452,452,452,452,452,452,452,452,452,452,452,452,452,452,452,452,452,452,452,452,452,452,452,452,452,452,452,452,452,452,452,452,452,452,452,452,452,452,452,452,452,452,452,452,452,452,452,452,452,452,452,452,452,452,452,452,452,452,452,452,452,452,452,452,452,452,452,452,452,452,452,452,452,452,452,452,452,452,452,452,452,452,452,452,452,452,452,452,452,452,452,452,452,452,452,452,452,452,452,452,452,452,452,452,452,452,452,452,452,452,452,452,452,452,452,452,452,452,452,452,452,452,452,452,452,452,452,452,452,452,452,452,452,452,452,452,452,452,452,452,452,452,452,452,452,452,452,452,452,452,452,452,452,452,452,452,452,452,452,452,452,452,452,452,462,462,549,573,577,625,635,635,635,635,635,635,635,635,635,635,635,635,635,635,635,635,635,635,635,635,635,635,635,635,635,635,635,635,635,635,635,635,635,635,635,635,635,635,635,635,635,635,635,635,635,635,635,635,635,635,635,635,635,635,635,635,635,635,635,635,635,635,635,635,635,635,635,635,635,635,635,635,635,635,635,635,635,635,635,635,635,635,635,635,635,635,635,635,635,635,635,635,635,635,635,635,635,635,635,635,635,635,635,635,635,635,635,635,635,635,635,635,635,635,635,635,635,635,635,635,635,635,635,635,635,635,635,635,635,635,635,635,635,643,647,647,647,647,643,647,647,647,647,647,647,647,647,647,647,647,647,647,647
pyt_usage,0,0,0,0,0,0,0,0,0,0,0,0,0,0,0,0,0,0,0,0,0,0,0,0,0,0,0,0,0,0,0,0,0,0,0,0,0,0,0,0,0,0,0,0,0,0,0,0,0,0,0,0,0,0,0,0,0,0,0,0,0,0,0,0,0,0,0,0,0,0,0,0,0,0,0,0,0,0,0,0,0,0,0,0,0,0,0,0,0,0,0,0,0,0,0,0,0,0,0,0,0,0,0,0,0,0,0,0,0,0,0,0,0,0,0,0,0,0,0,0,0,0,0,0,0,0,0,0,0,0,0,0,0,0,0,0,0,0,0,0,0,0,0,0,0,0,0,0,0,0,0,0,0,0,0,0,0,0,0,0,0,0,0,0,0,0,0,0,0,0,0,0,0,0,0,0,0,0,0,0,0,0,0,0,0,0,0,0,0,0,0,0,0,0,0,0,0,0,0,0,0,0,0,0,0,0,0,0,0,0,0,0,0,0,0,0,0,0,0,0,0,0,0,0,0,0,0,0,0,0,0,0,0,0,0,0,0,0,0,0,0,0,0,0,0,0,0,0,0,0,0,0,0,0,0,0,0,0,0,0,0,0,0,0,0,0,0,0,0,0,0,0,0,0,0,0,0,0,0,0,0,0,0,0,0,0,0,0,0,0,0,0,0,0,0,0,0,0,0,0,0,0,0,0,0,0,0,0,0,0,0,0,0,0,0,0,0,0,0,0,0,0,0,0,0,0,0,0,0,0,0,0,0,0,0,0,0,0,0,0,0,0,0,0,0,0,0,0,0,0,0,0,0,0,0,0,0,0,0,0,0,0,0,0,0,0,0,0,0,0,0,0,0,0,0,0,0,0,0,0,0,0,0,0,0,0,0,0,0,0,0,0,0,0,0,0,0,0,0,0,0,0,0,0,0,0,0,0,0,0,0,10,10,97,125,125,175,183,183,183,183,183,183,183,183,183,183,183,183,183,183,183,183,183,183,183,183,183,183,183,183,183,183,183,183,183,183,183,183,183,183,183,183,183,183,183,183,183,183,183,183,183,183,183,183,183,183,183,183,183,183,183,183,183,183,183,183,183,183,183,183,183,183,183,183,183,183,183,183,183,183,183,183,183,183,183,183,183,183,183,183,183,183,183,183,183,183,183,183,183,183,183,183,183,183,183,183,183,183,183,183,183,183,183,183,183,183,183,183,183,183,183,183,183,183,183,183,183,183,183,183,183,183,183,183,183,183,183,183,183,191,195,195,195,195,191,195,195,195,195,195,195,195,195,195,195,195,195,195,195
max_usage,15360,15360,15360,15360,15360,15360,15360,15360,15360,15360,15360,15360,15360,15360,15360,15360,15360,15360,15360,15360,15360,15360,15360,15360,15360,15360,15360,15360,15360,15360,15360,15360,15360,15360,15360,15360,15360,15360,15360,15360,15360,15360,15360,15360,15360,15360,15360,15360,15360,15360,15360,15360,15360,15360,15360,15360,15360,15360,15360,15360,15360,15360,15360,15360,15360,15360,15360,15360,15360,15360,15360,15360,15360,15360,15360,15360,15360,15360,15360,15360,15360,15360,15360,15360,15360,15360,15360,15360,15360,15360,15360,15360,15360,15360,15360,15360,15360,15360,15360,15360,15360,15360,15360,15360,15360,15360,15360,15360,15360,15360,15360,15360,15360,15360,15360,15360,15360,15360,15360,15360,15360,15360,15360,15360,15360,15360,15360,15360,15360,15360,15360,15360,15360,15360,15360,15360,15360,15360,15360,15360,15360,15360,15360,15360,15360,15360,15360,15360,15360,15360,15360,15360,15360,15360,15360,15360,15360,15360,15360,15360,15360,15360,15360,15360,15360,15360,15360,15360,15360,15360,15360,15360,15360,15360,15360,15360,15360,15360,15360,15360,15360,15360,15360,15360,15360,15360,15360,15360,15360,15360,15360,15360,15360,15360,15360,15360,15360,15360,15360,15360,15360,15360,15360,15360,15360,15360,15360,15360,15360,15360,15360,15360,15360,15360,15360,15360,15360,15360,15360,15360,15360,15360,15360,15360,15360,15360,15360,15360,15360,15360,15360,15360,15360,15360,15360,15360,15360,15360,15360,15360,15360,15360,15360,15360,15360,15360,15360,15360,15360,15360,15360,15360,15360,15360,15360,15360,15360,15360,15360,15360,15360,15360,15360,15360,15360,15360,15360,15360,15360,15360,15360,15360,15360,15360,15360,15360,15360,15360,15360,15360,15360,15360,15360,15360,15360,15360,15360,15360,15360,15360,15360,15360,15360,15360,15360,15360,15360,15360,15360,15360,15360,15360,15360,15360,15360,15360,15360,15360,15360,15360,15360,15360,15360,15360,15360,15360,15360,15360,15360,15360,15360,15360,15360,15360,15360,15360,15360,15360,15360,15360,15360,15360,15360,15360,15360,15360,15360,15360,15360,15360,15360,15360,15360,15360,15360,15360,15360,15360,15360,15360,15360,15360,15360,15360,15360,15360,15360,15360,15360,15360,15360,15360,15360,15360,15360,15360,15360,15360,15360,15360,15360,15360,15360,15360,15360,15360,15360,15360,15360,15360,15360,15360,15360,15360,15360,15360,15360,15360,15360,15360,15360,15360,15360,15360,15360,15360,15360,15360,15360,15360,15360,15360,15360,15360,15360,15360,15360,15360,15360,15360,15360,15360,15360,15360,15360,15360,15360,15360,15360,15360,15360,15360,15360,15360,15360,15360,15360,15360,15360,15360,15360,15360,15360,15360,15360,15360,15360,15360,15360,15360,15360,15360,15360,15360,15360,15360,15360,15360,15360,15360,15360,15360,15360,15360,15360,15360,15360,15360,15360,15360,15360,15360,15360,15360,15360,15360,15360,15360,15360,15360,15360,15360,15360,15360,15360,15360,15360,15360,15360,15360,15360,15360,15360,15360,15360,15360,15360,15360,15360,15360,15360,15360,15360,15360,15360,15360,15360,15360,15360,15360,15360,15360,15360,15360,15360,15360,15360,15360,15360,15360,15360,15360,15360,15360,15360,15360,15360,15360,15360,15360,15360,15360,15360,15360,15360,15360,15360,15360,15360,15360,15360,15360,15360,15360,15360,15360,15360,15360,15360,15360,15360,15360,15360,15360,15360,15360,15360,15360,15360,15360,15360,15360,15360,15360,15360,15360,15360,15360,15360,15360,15360,15360,15360,15360,15360,15360,15360,15360,15360,15360



algo,xgboost
dataset,bosch
trees,1600
batch_size,1000
framework,HummingbirdTVMGPU
max_gpu_usage,54
max_mem_usage,707
max_pyt_usage,255

gpu_usage,4,4,0,0,0,0,0,0,0,0,0,0,0,0,0,0,0,0,0,0,0,0,0,0,0,0,0,0,0,0,0,0,0,0,0,0,0,0,0,0,0,0,0,0,0,0,0,0,0,0,0,0,0,0,0,0,0,0,0,0,0,0,0,0,0,0,0,0,0,0,0,0,0,0,0,0,0,0,0,0,0,0,0,0,0,0,0,0,0,0,0,0,0,0,0,0,0,0,0,0,0,0,0,0,0,0,0,0,0,0,0,0,0,0,0,0,0,0,0,0,0,0,0,0,0,0,0,0,0,0,0,0,0,0,0,0,0,0,0,0,0,0,0,0,0,0,0,0,0,0,0,0,0,0,0,0,0,0,0,0,0,0,0,0,0,0,0,0,0,0,0,0,0,0,0,0,0,0,0,0,0,0,0,0,0,0,0,0,0,0,0,0,0,0,0,0,0,0,0,0,0,0,0,0,0,0,0,0,0,0,0,0,0,0,0,0,0,0,0,0,0,0,0,0,0,0,0,0,0,0,0,0,0,0,0,0,0,0,0,0,0,0,0,0,0,0,0,0,0,0,0,0,0,0,0,0,0,0,0,0,0,0,0,0,0,0,0,0,0,0,0,0,0,0,0,0,0,0,0,0,0,0,0,0,0,0,0,0,0,0,0,0,0,0,0,0,0,0,0,0,0,0,0,0,0,0,0,0,0,0,0,0,0,0,0,0,0,0,0,0,0,0,0,0,0,0,0,0,0,0,0,0,0,0,0,0,0,0,0,0,0,0,0,0,0,0,0,0,0,0,0,0,0,0,0,0,0,0,0,0,0,0,0,0,0,0,0,0,0,0,0,0,0,0,0,0,0,0,0,0,0,0,0,0,0,0,0,0,0,0,0,0,0,0,0,0,0,0,0,0,0,0,0,0,0,0,0,0,0,0,0,0,0,0,0,0,0,0,0,0,0,0,0,0,0,0,0,0,0,0,0,0,0,0,0,0,0,0,0,0,0,0,0,0,0,0,0,0,0,0,0,0,0,0,0,0,0,0,0,0,0,0,0,0,0,0,0,0,0,0,0,0,0,0,0,0,3,3,7,7,3,3,0,0,0,0,0,0,0,0,0,0,0,0,0,0,0,0,0,0,0,0,0,0,0,0,0,0,0,0,0,0,0,0,0,0,0,0,0,0,0,0,0,0,0,0,0,0,0,0,0,0,0,0,0,0,0,0,0,0,0,0,0,0,0,0,0,0,0,0,0,0,0,0,0,0,0,0,0,0,0,0,0,0,0,0,0,0,0,0,0,0,0,0,0,0,0,0,0,0,0,0,0,0,0,0,0,0,0,0,0,0,0,0,0,0,0,0,0,0,0,0,0,0,0,0,0,0,0,0,0,0,0,0,0,0,0,0,0,0,0,0,0,0,0,0,0,0,0,0,0,0,0,0,0,0,0,0,0,0,0,0,0,0,0,0,0,0,0,0,0,0,0,0,0,0,0,0,0,0,0,0,0,0,0,0,0,0,0,0,0,0,0,0,17,17,54,54,51,51,46,46,45,45,44,44,1,1,0,0,0,0,0,0
mem_usage,449,449,449,449,449,449,449,449,449,449,449,449,449,449,449,449,449,449,449,449,449,449,449,449,449,449,449,449,449,449,449,449,449,449,449,449,449,449,449,449,449,449,449,449,449,449,449,449,449,449,449,449,449,449,449,449,449,449,449,449,449,449,449,449,449,449,449,449,449,449,449,449,449,449,449,449,449,449,449,449,449,449,449,449,449,449,449,449,449,449,449,449,449,449,449,449,449,449,449,449,449,449,449,449,449,449,449,449,449,449,449,449,449,449,449,449,449,449,449,449,449,449,449,449,449,449,449,449,449,449,449,449,449,449,449,449,449,449,449,449,449,449,449,449,449,449,449,449,449,449,449,449,449,449,449,449,449,449,449,449,449,449,449,449,449,449,449,449,449,449,449,449,449,449,449,449,449,449,449,449,449,449,449,449,449,449,449,449,449,449,449,449,449,449,449,449,449,449,449,449,449,449,449,449,449,449,449,449,449,449,449,449,449,449,449,449,449,449,449,449,449,449,449,449,449,449,449,449,449,449,449,449,449,449,449,449,449,449,449,449,449,449,449,450,452,452,452,452,452,452,452,452,452,452,452,452,452,452,452,452,452,452,452,452,452,452,452,452,452,452,452,452,452,452,452,452,452,452,452,452,452,452,452,452,452,452,452,452,452,452,452,452,452,452,452,452,452,452,452,452,452,452,452,452,452,452,452,452,452,452,452,452,452,452,452,452,452,452,452,452,452,452,452,452,452,452,452,452,452,452,452,452,452,452,452,452,452,452,452,452,452,452,452,452,452,452,452,452,452,452,452,452,452,452,452,452,452,452,452,452,452,452,452,452,452,452,452,452,452,452,452,452,452,452,452,452,452,452,452,452,452,452,452,452,452,452,452,452,452,452,452,452,452,452,452,452,452,452,452,452,452,452,452,452,452,452,452,452,452,452,452,452,452,452,452,452,452,452,452,452,452,452,452,452,452,452,452,452,452,452,452,452,452,452,452,452,452,452,452,452,452,452,452,452,452,452,452,452,452,452,452,452,452,452,452,452,452,452,452,452,452,452,452,452,452,452,452,452,452,452,452,452,452,452,462,462,549,601,629,669,669,669,669,669,669,669,669,669,669,669,669,669,669,669,669,669,669,669,669,669,669,669,669,669,669,669,669,669,669,669,669,669,669,669,669,669,669,669,669,669,669,669,669,669,669,669,669,669,669,669,669,669,669,669,669,669,669,669,669,669,669,669,669,669,669,669,669,669,669,669,669,669,669,669,669,669,669,669,669,669,669,669,669,669,669,669,669,669,669,669,669,669,669,669,669,669,669,669,669,669,669,669,669,669,669,669,669,669,669,669,669,669,669,669,669,669,669,669,669,669,669,669,669,669,669,669,669,669,669,669,669,669,669,669,669,669,669,669,669,669,669,669,669,669,669,669,669,669,669,669,669,669,669,669,669,669,669,669,669,669,669,669,669,669,669,669,669,669,669,669,669,669,669,669,669,669,669,669,669,669,669,669,669,669,669,669,669,669,669,669,669,669,669,699,703,707,707,707,703,703,707,707,707,707,707,707,707,707,707,707,707,707,707,707
pyt_usage,0,0,0,0,0,0,0,0,0,0,0,0,0,0,0,0,0,0,0,0,0,0,0,0,0,0,0,0,0,0,0,0,0,0,0,0,0,0,0,0,0,0,0,0,0,0,0,0,0,0,0,0,0,0,0,0,0,0,0,0,0,0,0,0,0,0,0,0,0,0,0,0,0,0,0,0,0,0,0,0,0,0,0,0,0,0,0,0,0,0,0,0,0,0,0,0,0,0,0,0,0,0,0,0,0,0,0,0,0,0,0,0,0,0,0,0,0,0,0,0,0,0,0,0,0,0,0,0,0,0,0,0,0,0,0,0,0,0,0,0,0,0,0,0,0,0,0,0,0,0,0,0,0,0,0,0,0,0,0,0,0,0,0,0,0,0,0,0,0,0,0,0,0,0,0,0,0,0,0,0,0,0,0,0,0,0,0,0,0,0,0,0,0,0,0,0,0,0,0,0,0,0,0,0,0,0,0,0,0,0,0,0,0,0,0,0,0,0,0,0,0,0,0,0,0,0,0,0,0,0,0,0,0,0,0,0,0,0,0,0,0,0,0,0,0,0,0,0,0,0,0,0,0,0,0,0,0,0,0,0,0,0,0,0,0,0,0,0,0,0,0,0,0,0,0,0,0,0,0,0,0,0,0,0,0,0,0,0,0,0,0,0,0,0,0,0,0,0,0,0,0,0,0,0,0,0,0,0,0,0,0,0,0,0,0,0,0,0,0,0,0,0,0,0,0,0,0,0,0,0,0,0,0,0,0,0,0,0,0,0,0,0,0,0,0,0,0,0,0,0,0,0,0,0,0,0,0,0,0,0,0,0,0,0,0,0,0,0,0,0,0,0,0,0,0,0,0,0,0,0,0,0,0,0,0,0,0,0,0,0,0,0,0,0,0,0,0,0,0,0,0,0,0,0,0,0,0,0,0,0,0,0,0,0,0,0,0,0,0,0,0,0,0,0,0,0,0,0,0,0,0,0,0,0,0,0,0,0,0,0,0,0,0,0,0,0,0,0,0,0,0,0,0,0,0,0,0,0,0,0,0,0,0,0,0,0,0,0,0,0,0,0,0,0,10,12,97,151,177,217,217,217,217,217,217,217,217,217,217,217,217,217,217,217,217,217,217,217,217,217,217,217,217,217,217,217,217,217,217,217,217,217,217,217,217,217,217,217,217,217,217,217,217,217,217,217,217,217,217,217,217,217,217,217,217,217,217,217,217,217,217,217,217,217,217,217,217,217,217,217,217,217,217,217,217,217,217,217,217,217,217,217,217,217,217,217,217,217,217,217,217,217,217,217,217,217,217,217,217,217,217,217,217,217,217,217,217,217,217,217,217,217,217,217,217,217,217,217,217,217,217,217,217,217,217,217,217,217,217,217,217,217,217,217,217,217,217,217,217,217,217,217,217,217,217,217,217,217,217,217,217,217,217,217,217,217,217,217,217,217,217,217,217,217,217,217,217,217,217,217,217,217,217,217,217,217,217,217,217,217,217,217,217,217,217,217,217,217,217,217,217,217,217,251,255,251,255,251,251,255,255,255,255,255,255,255,255,255,255,255,255,255,255,255
max_usage,15360,15360,15360,15360,15360,15360,15360,15360,15360,15360,15360,15360,15360,15360,15360,15360,15360,15360,15360,15360,15360,15360,15360,15360,15360,15360,15360,15360,15360,15360,15360,15360,15360,15360,15360,15360,15360,15360,15360,15360,15360,15360,15360,15360,15360,15360,15360,15360,15360,15360,15360,15360,15360,15360,15360,15360,15360,15360,15360,15360,15360,15360,15360,15360,15360,15360,15360,15360,15360,15360,15360,15360,15360,15360,15360,15360,15360,15360,15360,15360,15360,15360,15360,15360,15360,15360,15360,15360,15360,15360,15360,15360,15360,15360,15360,15360,15360,15360,15360,15360,15360,15360,15360,15360,15360,15360,15360,15360,15360,15360,15360,15360,15360,15360,15360,15360,15360,15360,15360,15360,15360,15360,15360,15360,15360,15360,15360,15360,15360,15360,15360,15360,15360,15360,15360,15360,15360,15360,15360,15360,15360,15360,15360,15360,15360,15360,15360,15360,15360,15360,15360,15360,15360,15360,15360,15360,15360,15360,15360,15360,15360,15360,15360,15360,15360,15360,15360,15360,15360,15360,15360,15360,15360,15360,15360,15360,15360,15360,15360,15360,15360,15360,15360,15360,15360,15360,15360,15360,15360,15360,15360,15360,15360,15360,15360,15360,15360,15360,15360,15360,15360,15360,15360,15360,15360,15360,15360,15360,15360,15360,15360,15360,15360,15360,15360,15360,15360,15360,15360,15360,15360,15360,15360,15360,15360,15360,15360,15360,15360,15360,15360,15360,15360,15360,15360,15360,15360,15360,15360,15360,15360,15360,15360,15360,15360,15360,15360,15360,15360,15360,15360,15360,15360,15360,15360,15360,15360,15360,15360,15360,15360,15360,15360,15360,15360,15360,15360,15360,15360,15360,15360,15360,15360,15360,15360,15360,15360,15360,15360,15360,15360,15360,15360,15360,15360,15360,15360,15360,15360,15360,15360,15360,15360,15360,15360,15360,15360,15360,15360,15360,15360,15360,15360,15360,15360,15360,15360,15360,15360,15360,15360,15360,15360,15360,15360,15360,15360,15360,15360,15360,15360,15360,15360,15360,15360,15360,15360,15360,15360,15360,15360,15360,15360,15360,15360,15360,15360,15360,15360,15360,15360,15360,15360,15360,15360,15360,15360,15360,15360,15360,15360,15360,15360,15360,15360,15360,15360,15360,15360,15360,15360,15360,15360,15360,15360,15360,15360,15360,15360,15360,15360,15360,15360,15360,15360,15360,15360,15360,15360,15360,15360,15360,15360,15360,15360,15360,15360,15360,15360,15360,15360,15360,15360,15360,15360,15360,15360,15360,15360,15360,15360,15360,15360,15360,15360,15360,15360,15360,15360,15360,15360,15360,15360,15360,15360,15360,15360,15360,15360,15360,15360,15360,15360,15360,15360,15360,15360,15360,15360,15360,15360,15360,15360,15360,15360,15360,15360,15360,15360,15360,15360,15360,15360,15360,15360,15360,15360,15360,15360,15360,15360,15360,15360,15360,15360,15360,15360,15360,15360,15360,15360,15360,15360,15360,15360,15360,15360,15360,15360,15360,15360,15360,15360,15360,15360,15360,15360,15360,15360,15360,15360,15360,15360,15360,15360,15360,15360,15360,15360,15360,15360,15360,15360,15360,15360,15360,15360,15360,15360,15360,15360,15360,15360,15360,15360,15360,15360,15360,15360,15360,15360,15360,15360,15360,15360,15360,15360,15360,15360,15360,15360,15360,15360,15360,15360,15360,15360,15360,15360,15360,15360,15360,15360,15360,15360,15360,15360,15360,15360,15360,15360,15360,15360,15360,15360,15360,15360,15360,15360,15360,15360,15360,15360,15360,15360,15360,15360,15360,15360,15360,15360,15360,15360,15360,15360,15360,15360,15360,15360,15360,15360,15360,15360,15360,15360,15360,15360,15360,15360,15360,15360,15360,15360,15360,15360,15360,15360,15360,15360,15360,15360,15360,15360,15360,15360,15360,15360,15360,15360,15360,15360,15360,15360,15360,15360,15360,15360,15360,15360,15360,15360,15360,15360,15360,15360,15360,15360,15360,15360,15360,15360,15360,15360,15360,15360,15360,15360,15360,15360,15360,15360,15360,15360,15360,15360,15360,15360,15360,15360,15360,15360,15360,15360,15360,15360,15360,15360,15360,15360,15360,15360,15360,15360,15360,15360,15360,15360,15360,15360,15360,15360,15360,15360,15360,15360,15360,15360,15360,15360,15360,15360,15360,15360,15360,15360,15360,15360,15360,15360,15360,15360,15360,15360,15360,15360,15360,15360,15360,15360,15360,15360,15360,15360,15360



algo,xgboost
dataset,bosch
trees,500
batch_size,1000
framework,HummingbirdTVMGPU
max_gpu_usage,35
max_mem_usage,665
max_pyt_usage,213

gpu_usage,73,0,0,0,0,0,0,0,0,0,0,0,0,0,0,0,0,0,0,0,0,0,0,0,0,0,0,0,0,0,0,0,0,0,0,0,0,0,0,0,0,0,0,0,0,0,0,0,0,0,0,0,0,0,0,0,0,0,0,0,0,0,0,0,0,0,0,0,0,0,0,0,0,0,0,0,0,0,0,0,0,0,0,0,0,0,0,0,0,0,0,0,0,0,0,0,0,0,0,0,0,0,0,0,0,0,0,0,0,0,0,0,0,0,0,0,0,0,0,0,0,0,0,0,0,0,0,0,0,0,0,0,0,0,0,0,0,0,0,0,0,0,0,0,0,0,0,0,0,0,0,0,0,0,0,0,0,0,0,0,0,0,0,0,0,0,0,0,0,0,0,0,0,0,0,0,0,0,0,0,0,0,0,0,0,0,0,0,0,0,0,0,0,0,0,0,0,0,0,0,0,0,0,0,0,0,0,0,0,0,0,0,0,0,0,0,0,0,0,0,0,0,0,0,0,0,0,0,0,0,0,0,0,0,0,0,0,0,0,0,0,0,0,0,0,0,0,0,0,0,0,0,0,0,0,0,0,0,0,0,0,0,0,0,0,0,0,0,0,0,0,0,0,0,0,0,0,0,0,0,0,0,0,0,0,0,0,0,0,0,0,0,0,0,0,0,0,0,0,0,0,0,0,0,0,0,0,0,0,0,0,0,0,0,0,0,0,0,0,0,0,0,0,0,0,0,0,0,0,0,0,0,0,0,0,0,0,0,0,0,0,0,0,0,0,0,0,0,0,0,0,0,0,0,0,0,0,0,0,0,0,0,0,0,0,0,0,0,0,0,0,0,0,0,0,0,0,0,0,0,0,0,0,0,0,0,0,0,0,0,0,0,0,0,0,0,0,0,0,0,0,0,0,0,0,0,0,0,0,0,0,0,4,4,6,6,2,2,0,0,0,0,0,0,0,0,0,0,0,0,0,0,0,0,0,0,0,0,0,0,0,0,0,0,0,0,0,0,0,0,0,0,0,0,0,0,0,0,0,0,0,0,0,0,0,0,0,0,0,0,0,0,0,0,0,0,0,0,0,0,0,0,0,0,0,0,0,0,0,0,0,0,0,0,0,0,0,0,0,0,0,0,0,0,0,0,0,0,0,0,0,0,0,0,0,0,0,0,0,0,0,0,0,0,0,0,0,0,0,0,0,0,0,0,0,0,0,0,0,0,0,0,0,0,0,0,0,0,0,0,0,0,0,0,0,0,0,28,28,34,34,35,35,34,34,35,35,3,3,0,0,0,0,0,0,0,0
mem_usage,449,449,449,449,449,449,449,449,449,449,449,449,449,449,449,449,449,449,449,449,449,449,449,449,449,449,449,449,449,449,449,449,449,449,449,449,449,449,449,449,449,449,449,449,449,449,449,449,449,449,449,449,449,449,449,449,449,449,449,449,449,449,449,449,449,449,449,449,449,449,449,449,449,449,449,449,449,449,449,449,449,449,449,449,449,449,449,449,449,449,449,449,449,449,449,449,449,449,449,449,449,449,449,449,449,449,449,449,449,449,449,449,449,449,449,449,449,449,449,449,449,449,449,449,449,449,449,449,449,449,449,449,449,449,449,449,449,449,449,449,449,449,449,449,449,449,449,449,449,449,449,449,449,449,449,449,449,449,449,449,449,449,449,449,449,449,449,449,449,449,449,449,449,449,449,449,449,449,449,449,449,449,449,449,449,449,449,449,449,449,449,449,449,449,449,449,449,449,449,449,449,449,449,449,449,449,449,449,449,449,449,449,449,449,449,449,449,449,449,449,449,449,449,449,449,449,449,449,449,449,449,449,449,449,449,449,449,449,449,449,450,452,452,452,452,452,452,452,452,452,452,452,452,452,452,452,452,452,452,452,452,452,452,452,452,452,452,452,452,452,452,452,452,452,452,452,452,452,452,452,452,452,452,452,452,452,452,452,452,452,452,452,452,452,452,452,452,452,452,452,452,452,452,452,452,452,452,452,452,452,452,452,452,452,452,452,452,452,452,452,452,452,452,452,452,452,452,452,452,452,452,452,452,452,452,452,452,452,452,452,452,452,452,452,452,452,452,452,452,452,452,452,452,452,452,452,452,452,452,452,452,452,452,452,452,452,452,452,452,452,452,452,452,452,452,452,452,452,452,452,452,452,452,452,452,452,452,452,452,452,452,452,452,452,452,452,452,452,452,452,452,452,452,452,452,452,452,452,452,452,462,462,549,599,615,643,643,643,643,643,643,643,643,643,643,643,643,643,643,643,643,643,643,643,643,643,643,643,643,643,643,643,643,643,643,643,643,643,643,643,643,643,643,643,643,643,643,643,643,643,643,643,643,643,643,643,643,643,643,643,643,643,643,643,643,643,643,643,643,643,643,643,643,643,643,643,643,643,643,643,643,643,643,643,643,643,643,643,643,643,643,643,643,643,643,643,643,643,643,643,643,643,643,643,643,643,643,643,643,643,643,643,643,643,643,643,643,643,643,643,643,643,643,643,643,643,643,643,643,643,643,643,643,643,643,643,643,643,643,643,643,643,643,643,643,665,665,665,665,665,665,665,665,665,665,665,665,665,665,665,665,665,665,665,665,665,665
pyt_usage,0,0,0,0,0,0,0,0,0,0,0,0,0,0,0,0,0,0,0,0,0,0,0,0,0,0,0,0,0,0,0,0,0,0,0,0,0,0,0,0,0,0,0,0,0,0,0,0,0,0,0,0,0,0,0,0,0,0,0,0,0,0,0,0,0,0,0,0,0,0,0,0,0,0,0,0,0,0,0,0,0,0,0,0,0,0,0,0,0,0,0,0,0,0,0,0,0,0,0,0,0,0,0,0,0,0,0,0,0,0,0,0,0,0,0,0,0,0,0,0,0,0,0,0,0,0,0,0,0,0,0,0,0,0,0,0,0,0,0,0,0,0,0,0,0,0,0,0,0,0,0,0,0,0,0,0,0,0,0,0,0,0,0,0,0,0,0,0,0,0,0,0,0,0,0,0,0,0,0,0,0,0,0,0,0,0,0,0,0,0,0,0,0,0,0,0,0,0,0,0,0,0,0,0,0,0,0,0,0,0,0,0,0,0,0,0,0,0,0,0,0,0,0,0,0,0,0,0,0,0,0,0,0,0,0,0,0,0,0,0,0,0,0,0,0,0,0,0,0,0,0,0,0,0,0,0,0,0,0,0,0,0,0,0,0,0,0,0,0,0,0,0,0,0,0,0,0,0,0,0,0,0,0,0,0,0,0,0,0,0,0,0,0,0,0,0,0,0,0,0,0,0,0,0,0,0,0,0,0,0,0,0,0,0,0,0,0,0,0,0,0,0,0,0,0,0,0,0,0,0,0,0,0,0,0,0,0,0,0,0,0,0,0,0,0,0,0,0,0,0,0,0,0,0,0,0,0,0,0,0,0,0,0,0,0,0,0,0,0,0,0,0,0,0,0,0,0,0,0,0,0,0,0,0,0,0,0,0,0,0,0,0,0,0,0,0,0,0,0,0,0,0,0,0,0,0,0,0,0,0,10,10,97,147,163,191,191,191,191,191,191,191,191,191,191,191,191,191,191,191,191,191,191,191,191,191,191,191,191,191,191,191,191,191,191,191,191,191,191,191,191,191,191,191,191,191,191,191,191,191,191,191,191,191,191,191,191,191,191,191,191,191,191,191,191,191,191,191,191,191,191,191,191,191,191,191,191,191,191,191,191,191,191,191,191,191,191,191,191,191,191,191,191,191,191,191,191,191,191,191,191,191,191,191,191,191,191,191,191,191,191,191,191,191,191,191,191,191,191,191,191,191,191,191,191,191,191,191,191,191,191,191,191,191,191,191,191,191,191,191,191,191,191,191,191,209,209,209,209,213,213,209,213,209,209,213,213,213,213,213,213,213,213,213,213,213,213
max_usage,15360,15360,15360,15360,15360,15360,15360,15360,15360,15360,15360,15360,15360,15360,15360,15360,15360,15360,15360,15360,15360,15360,15360,15360,15360,15360,15360,15360,15360,15360,15360,15360,15360,15360,15360,15360,15360,15360,15360,15360,15360,15360,15360,15360,15360,15360,15360,15360,15360,15360,15360,15360,15360,15360,15360,15360,15360,15360,15360,15360,15360,15360,15360,15360,15360,15360,15360,15360,15360,15360,15360,15360,15360,15360,15360,15360,15360,15360,15360,15360,15360,15360,15360,15360,15360,15360,15360,15360,15360,15360,15360,15360,15360,15360,15360,15360,15360,15360,15360,15360,15360,15360,15360,15360,15360,15360,15360,15360,15360,15360,15360,15360,15360,15360,15360,15360,15360,15360,15360,15360,15360,15360,15360,15360,15360,15360,15360,15360,15360,15360,15360,15360,15360,15360,15360,15360,15360,15360,15360,15360,15360,15360,15360,15360,15360,15360,15360,15360,15360,15360,15360,15360,15360,15360,15360,15360,15360,15360,15360,15360,15360,15360,15360,15360,15360,15360,15360,15360,15360,15360,15360,15360,15360,15360,15360,15360,15360,15360,15360,15360,15360,15360,15360,15360,15360,15360,15360,15360,15360,15360,15360,15360,15360,15360,15360,15360,15360,15360,15360,15360,15360,15360,15360,15360,15360,15360,15360,15360,15360,15360,15360,15360,15360,15360,15360,15360,15360,15360,15360,15360,15360,15360,15360,15360,15360,15360,15360,15360,15360,15360,15360,15360,15360,15360,15360,15360,15360,15360,15360,15360,15360,15360,15360,15360,15360,15360,15360,15360,15360,15360,15360,15360,15360,15360,15360,15360,15360,15360,15360,15360,15360,15360,15360,15360,15360,15360,15360,15360,15360,15360,15360,15360,15360,15360,15360,15360,15360,15360,15360,15360,15360,15360,15360,15360,15360,15360,15360,15360,15360,15360,15360,15360,15360,15360,15360,15360,15360,15360,15360,15360,15360,15360,15360,15360,15360,15360,15360,15360,15360,15360,15360,15360,15360,15360,15360,15360,15360,15360,15360,15360,15360,15360,15360,15360,15360,15360,15360,15360,15360,15360,15360,15360,15360,15360,15360,15360,15360,15360,15360,15360,15360,15360,15360,15360,15360,15360,15360,15360,15360,15360,15360,15360,15360,15360,15360,15360,15360,15360,15360,15360,15360,15360,15360,15360,15360,15360,15360,15360,15360,15360,15360,15360,15360,15360,15360,15360,15360,15360,15360,15360,15360,15360,15360,15360,15360,15360,15360,15360,15360,15360,15360,15360,15360,15360,15360,15360,15360,15360,15360,15360,15360,15360,15360,15360,15360,15360,15360,15360,15360,15360,15360,15360,15360,15360,15360,15360,15360,15360,15360,15360,15360,15360,15360,15360,15360,15360,15360,15360,15360,15360,15360,15360,15360,15360,15360,15360,15360,15360,15360,15360,15360,15360,15360,15360,15360,15360,15360,15360,15360,15360,15360,15360,15360,15360,15360,15360,15360,15360,15360,15360,15360,15360,15360,15360,15360,15360,15360,15360,15360,15360,15360,15360,15360,15360,15360,15360,15360,15360,15360,15360,15360,15360,15360,15360,15360,15360,15360,15360,15360,15360,15360,15360,15360,15360,15360,15360,15360,15360,15360,15360,15360,15360,15360,15360,15360,15360,15360,15360,15360,15360,15360,15360,15360,15360,15360,15360,15360,15360,15360,15360,15360,15360,15360,15360,15360,15360,15360,15360,15360,15360,15360,15360,15360,15360,15360,15360,15360,15360,15360,15360,15360,15360,15360,15360,15360,15360,15360,15360,15360,15360,15360,15360,15360,15360,15360,15360,15360,15360,15360,15360,15360,15360,15360,15360,15360,15360,15360,15360,15360,15360,15360,15360,15360,15360,15360,15360,15360



algo,xgboost
dataset,bosch
trees,10
batch_size,236750
framework,NvidiaFILGPU
max_gpu_usage,73
max_mem_usage,3233
max_pyt_usage,2779

gpu_usage,4,4,0,0,0,0,0,0,0,0,0,0,0,0,0,0,0,0,0,0,0,0,0,0,0,0,0,0,0,0,0,0,0,0,0,0,0,0,0,0,0,0,0,0,0,0,0,0,0,0,0,0,0,0,0,0,0,0,0,0,0,0,0,0,0,0,0,0,0,0,0,0,0,0,0,0,0,0,0,0,0,0,0,0,0,0,0,0,0,0,0,0,0,0,0,0,0,0,0,0,0,0,0,0,0,0,0,0,0,0,0,0,0,0,0,0,0,0,0,0,0,0,0,0,0,0,0,0,0,0,0,0,0,0,0,0,0,0,0,0,0,0,0,0,0,0,0,0,0,0,0,0,0,0,0,0,0,0,0,0,0,0,0,0,0,0,0,0,0,0,0,0,0,0,0,0,0,0,0,0,0,0,0,0,0,0,0,0,0,0,0,0,0,0,0,0,0,0,0,0,0,0,0,0,0,0,0,0,0,0,0,0,0,0,0,0,0,0,0,0,0,0,0,0,0,0,0,0,0,0,0,0,0,0,0,0,0,0,0,0,0,0,0,0,0,0,0,0,0,0,0,0,0,0,0,0,0,4,4,0,0,0,0,0,0,0,0,0,0,0,0,0,0,0,0,0,0,0,0,0,0,2,2,2,2,2,2,3,3,2,2,3,3,2,2,2,2,3,3,2,2,3,3,2,2,3,3,4,4,4,4,3,3,3,3,3,3,2,2,6,6,3,3,3,3,3,3,3,3,2,2,2,2,3,3,2,2,3,3,3,3,2,2,4,4,0,0,0,0,1,1,73,73,46,46,0,0,0,0,0,0,0,0,0,0,0,0,0
mem_usage,449,449,449,449,449,449,449,449,449,449,449,449,449,449,449,449,449,449,449,449,449,449,449,449,449,449,449,449,449,449,449,449,449,449,449,449,449,449,449,449,449,449,449,449,449,449,449,449,449,449,449,449,449,449,449,449,449,449,449,449,449,449,449,449,449,449,449,449,449,449,449,449,449,449,449,449,449,449,449,449,449,449,449,449,449,449,449,449,449,449,449,449,449,449,449,449,449,449,449,449,449,449,449,449,449,449,449,449,449,449,449,449,449,449,449,449,449,449,449,449,449,449,449,449,449,449,449,449,449,449,449,449,449,449,449,449,449,449,449,449,449,449,449,449,449,449,449,449,449,449,449,449,449,449,449,449,449,449,449,449,449,449,449,449,449,449,449,449,449,449,449,449,449,449,449,449,449,449,449,449,449,449,449,449,449,449,449,449,449,449,449,449,449,449,449,449,449,449,449,449,449,449,449,449,449,449,449,449,449,449,449,449,449,449,449,449,449,449,449,449,449,449,449,449,449,449,449,449,449,449,449,449,449,449,449,449,449,449,449,452,452,452,452,452,452,452,452,452,452,452,452,452,452,452,452,462,464,549,549,549,549,549,549,549,549,549,549,549,549,549,549,549,549,549,549,549,549,549,549,549,561,579,585,601,613,625,639,647,669,681,695,707,719,731,737,743,765,787,793,803,809,831,843,863,869,885,915,937,947,961,967,985,991,1009,1041,1045,1065,1095,1097,1133,1151,1163,1185,1201,1219,1229,1247,1263,1271,1275,1289,1297,1311,1327,1337,1351,1371,1383,1403,1405,1417,1441,1443,2355,2355,2355,2355,2355,2357,2357,3233,3233,3233,1481,1481,1481,1481,1481,1481,1481,1481,1481,1481,1481,1481,1481,1481,1479
pyt_usage,0,0,0,0,0,0,0,0,0,0,0,0,0,0,0,0,0,0,0,0,0,0,0,0,0,0,0,0,0,0,0,0,0,0,0,0,0,0,0,0,0,0,0,0,0,0,0,0,0,0,0,0,0,0,0,0,0,0,0,0,0,0,0,0,0,0,0,0,0,0,0,0,0,0,0,0,0,0,0,0,0,0,0,0,0,0,0,0,0,0,0,0,0,0,0,0,0,0,0,0,0,0,0,0,0,0,0,0,0,0,0,0,0,0,0,0,0,0,0,0,0,0,0,0,0,0,0,0,0,0,0,0,0,0,0,0,0,0,0,0,0,0,0,0,0,0,0,0,0,0,0,0,0,0,0,0,0,0,0,0,0,0,0,0,0,0,0,0,0,0,0,0,0,0,0,0,0,0,0,0,0,0,0,0,0,0,0,0,0,0,0,0,0,0,0,0,0,0,0,0,0,0,0,0,0,0,0,0,0,0,0,0,0,0,0,0,0,0,0,0,0,0,0,0,0,0,0,0,0,0,0,0,0,0,0,0,0,0,0,0,0,0,0,0,0,0,0,0,0,0,0,0,0,0,0,10,13,97,97,97,97,97,97,97,97,97,97,97,97,97,97,97,97,97,97,97,97,97,97,97,109,127,137,149,161,173,187,195,217,229,243,255,267,279,287,295,313,335,343,351,357,379,391,411,417,433,467,485,495,509,515,533,539,557,589,593,613,643,645,683,703,713,733,749,767,777,795,811,819,823,837,845,859,875,885,899,919,933,951,955,965,989,991,1903,1903,1903,1903,1903,1903,1903,2779,2779,2779,1027,1027,1027,1027,1027,1027,1027,1027,1027,1027,1027,1027,1027,1027,1027
max_usage,15360,15360,15360,15360,15360,15360,15360,15360,15360,15360,15360,15360,15360,15360,15360,15360,15360,15360,15360,15360,15360,15360,15360,15360,15360,15360,15360,15360,15360,15360,15360,15360,15360,15360,15360,15360,15360,15360,15360,15360,15360,15360,15360,15360,15360,15360,15360,15360,15360,15360,15360,15360,15360,15360,15360,15360,15360,15360,15360,15360,15360,15360,15360,15360,15360,15360,15360,15360,15360,15360,15360,15360,15360,15360,15360,15360,15360,15360,15360,15360,15360,15360,15360,15360,15360,15360,15360,15360,15360,15360,15360,15360,15360,15360,15360,15360,15360,15360,15360,15360,15360,15360,15360,15360,15360,15360,15360,15360,15360,15360,15360,15360,15360,15360,15360,15360,15360,15360,15360,15360,15360,15360,15360,15360,15360,15360,15360,15360,15360,15360,15360,15360,15360,15360,15360,15360,15360,15360,15360,15360,15360,15360,15360,15360,15360,15360,15360,15360,15360,15360,15360,15360,15360,15360,15360,15360,15360,15360,15360,15360,15360,15360,15360,15360,15360,15360,15360,15360,15360,15360,15360,15360,15360,15360,15360,15360,15360,15360,15360,15360,15360,15360,15360,15360,15360,15360,15360,15360,15360,15360,15360,15360,15360,15360,15360,15360,15360,15360,15360,15360,15360,15360,15360,15360,15360,15360,15360,15360,15360,15360,15360,15360,15360,15360,15360,15360,15360,15360,15360,15360,15360,15360,15360,15360,15360,15360,15360,15360,15360,15360,15360,15360,15360,15360,15360,15360,15360,15360,15360,15360,15360,15360,15360,15360,15360,15360,15360,15360,15360,15360,15360,15360,15360,15360,15360,15360,15360,15360,15360,15360,15360,15360,15360,15360,15360,15360,15360,15360,15360,15360,15360,15360,15360,15360,15360,15360,15360,15360,15360,15360,15360,15360,15360,15360,15360,15360,15360,15360,15360,15360,15360,15360,15360,15360,15360,15360,15360,15360,15360,15360,15360,15360,15360,15360,15360,15360,15360,15360,15360,15360,15360,15360,15360,15360,15360,15360,15360,15360,15360,15360,15360,15360,15360,15360,15360,15360,15360,15360,15360,15360,15360,15360,15360,15360,15360,15360,15360,15360,15360,15360,15360,15360,15360,15360,15360,15360,15360,15360,15360,15360,15360,15360,15360,15360,15360,15360,15360,15360,15360,15360,15360,15360,15360,15360,15360,15360,15360,15360



algo,xgboost
dataset,bosch
trees,1600
batch_size,236750
framework,NvidiaFILGPU
max_gpu_usage,85
max_mem_usage,3241
max_pyt_usage,2787

gpu_usage,3,3,0,0,0,0,0,0,0,0,0,0,0,0,0,0,0,0,0,0,0,0,0,0,0,0,0,0,0,0,0,0,0,0,0,0,0,0,0,0,0,0,0,0,0,0,0,0,0,0,0,0,0,0,0,0,0,0,0,0,0,0,0,0,0,0,0,0,0,0,0,0,0,0,0,0,0,0,0,0,0,0,0,0,0,0,0,0,0,0,0,0,0,0,0,0,0,0,0,0,0,0,0,0,0,0,0,0,0,0,0,0,0,0,0,0,0,0,0,0,0,0,0,0,0,0,0,0,0,0,0,0,0,0,0,0,0,0,0,0,0,0,0,0,0,0,0,0,0,0,0,0,0,0,0,0,0,0,0,0,0,0,0,0,0,0,0,0,0,0,0,0,0,0,0,0,0,0,0,0,0,0,0,0,0,0,0,0,0,0,0,0,0,0,0,0,0,0,0,0,0,0,0,0,0,0,0,0,0,0,0,0,0,0,0,0,0,0,0,0,0,0,0,0,0,0,0,0,0,0,0,0,0,0,0,0,0,0,0,0,0,0,0,0,0,0,0,0,0,0,0,0,0,0,0,0,0,0,0,4,4,0,0,0,0,0,0,0,0,0,0,2,2,6,6,7,7,6,6,8,8,7,7,5,5,8,8,7,7,5,5,7,7,6,6,5,5,7,7,4,4,0,0,0,0,1,1,85,85,65,65,0,0,0,0,0,0,0,0,0,0,0,0
mem_usage,449,449,449,449,449,449,449,449,449,449,449,449,449,449,449,449,449,449,449,449,449,449,449,449,449,449,449,449,449,449,449,449,449,449,449,449,449,449,449,449,449,449,449,449,449,449,449,449,449,449,449,449,449,449,449,449,449,449,449,449,449,449,449,449,449,449,449,449,449,449,449,449,449,449,449,449,449,449,449,449,449,449,449,449,449,449,449,449,449,449,449,449,449,449,449,449,449,449,449,449,449,449,449,449,449,449,449,449,449,449,449,449,449,449,449,449,449,449,449,449,449,449,449,449,449,449,449,449,449,449,449,449,449,449,449,449,449,449,449,449,449,449,449,449,449,449,449,449,449,449,449,449,449,449,449,449,449,449,449,449,449,449,449,449,449,449,449,449,449,449,449,449,449,449,449,449,449,449,449,449,449,449,449,449,449,449,449,449,449,449,449,449,449,449,449,449,449,449,449,449,449,449,449,449,449,449,449,449,449,449,449,449,449,449,449,449,449,449,449,449,449,449,449,449,449,449,449,449,449,449,449,449,449,449,449,449,449,449,449,449,449,449,449,449,450,452,452,452,452,452,452,452,452,452,452,462,462,483,549,549,549,549,549,549,549,549,549,549,549,549,567,613,631,665,699,729,753,799,833,871,905,935,971,993,1047,1087,1123,1159,1197,1223,1257,1287,1321,1339,1389,1409,1435,1467,1477,2363,2363,2363,2363,2365,2365,3241,3241,2365,1489,1489,1489,1489,1489,1489,1489,1489,1489,1489,1489,1489,1489,1489,1487
pyt_usage,0,0,0,0,0,0,0,0,0,0,0,0,0,0,0,0,0,0,0,0,0,0,0,0,0,0,0,0,0,0,0,0,0,0,0,0,0,0,0,0,0,0,0,0,0,0,0,0,0,0,0,0,0,0,0,0,0,0,0,0,0,0,0,0,0,0,0,0,0,0,0,0,0,0,0,0,0,0,0,0,0,0,0,0,0,0,0,0,0,0,0,0,0,0,0,0,0,0,0,0,0,0,0,0,0,0,0,0,0,0,0,0,0,0,0,0,0,0,0,0,0,0,0,0,0,0,0,0,0,0,0,0,0,0,0,0,0,0,0,0,0,0,0,0,0,0,0,0,0,0,0,0,0,0,0,0,0,0,0,0,0,0,0,0,0,0,0,0,0,0,0,0,0,0,0,0,0,0,0,0,0,0,0,0,0,0,0,0,0,0,0,0,0,0,0,0,0,0,0,0,0,0,0,0,0,0,0,0,0,0,0,0,0,0,0,0,0,0,0,0,0,0,0,0,0,0,0,0,0,0,0,0,0,0,0,0,0,0,0,0,0,0,0,0,0,0,0,0,0,0,0,0,0,0,0,10,10,33,97,97,97,97,97,97,97,97,97,97,97,97,115,161,179,215,249,277,301,347,381,419,453,485,523,541,595,639,673,707,745,771,807,839,871,887,937,957,985,1017,1035,1911,1911,1911,1911,1911,1911,2787,2787,1911,1035,1035,1035,1035,1035,1035,1035,1035,1035,1035,1035,1035,1035,1035,1035
max_usage,15360,15360,15360,15360,15360,15360,15360,15360,15360,15360,15360,15360,15360,15360,15360,15360,15360,15360,15360,15360,15360,15360,15360,15360,15360,15360,15360,15360,15360,15360,15360,15360,15360,15360,15360,15360,15360,15360,15360,15360,15360,15360,15360,15360,15360,15360,15360,15360,15360,15360,15360,15360,15360,15360,15360,15360,15360,15360,15360,15360,15360,15360,15360,15360,15360,15360,15360,15360,15360,15360,15360,15360,15360,15360,15360,15360,15360,15360,15360,15360,15360,15360,15360,15360,15360,15360,15360,15360,15360,15360,15360,15360,15360,15360,15360,15360,15360,15360,15360,15360,15360,15360,15360,15360,15360,15360,15360,15360,15360,15360,15360,15360,15360,15360,15360,15360,15360,15360,15360,15360,15360,15360,15360,15360,15360,15360,15360,15360,15360,15360,15360,15360,15360,15360,15360,15360,15360,15360,15360,15360,15360,15360,15360,15360,15360,15360,15360,15360,15360,15360,15360,15360,15360,15360,15360,15360,15360,15360,15360,15360,15360,15360,15360,15360,15360,15360,15360,15360,15360,15360,15360,15360,15360,15360,15360,15360,15360,15360,15360,15360,15360,15360,15360,15360,15360,15360,15360,15360,15360,15360,15360,15360,15360,15360,15360,15360,15360,15360,15360,15360,15360,15360,15360,15360,15360,15360,15360,15360,15360,15360,15360,15360,15360,15360,15360,15360,15360,15360,15360,15360,15360,15360,15360,15360,15360,15360,15360,15360,15360,15360,15360,15360,15360,15360,15360,15360,15360,15360,15360,15360,15360,15360,15360,15360,15360,15360,15360,15360,15360,15360,15360,15360,15360,15360,15360,15360,15360,15360,15360,15360,15360,15360,15360,15360,15360,15360,15360,15360,15360,15360,15360,15360,15360,15360,15360,15360,15360,15360,15360,15360,15360,15360,15360,15360,15360,15360,15360,15360,15360,15360,15360,15360,15360,15360,15360,15360,15360,15360,15360,15360,15360,15360,15360,15360,15360,15360,15360,15360,15360,15360,15360,15360,15360,15360,15360,15360,15360,15360,15360,15360,15360,15360,15360



algo,xgboost
dataset,bosch
trees,500
batch_size,236750
framework,NvidiaFILGPU
max_gpu_usage,64
max_mem_usage,3233
max_pyt_usage,2779

gpu_usage,4,0,0,0,0,0,0,0,0,0,0,0,0,0,0,0,0,0,0,0,0,0,0,0,0,0,0,0,0,0,0,0,0,0,0,0,0,0,0,0,0,0,0,0,0,0,0,0,0,0,0,0,0,0,0,0,0,0,0,0,0,0,0,0,0,0,0,0,0,0,0,0,0,0,0,0,0,0,0,0,0,0,0,0,0,0,0,0,0,0,0,0,0,0,0,0,0,0,0,0,0,0,0,0,0,0,0,0,0,0,0,0,0,0,0,0,0,0,0,0,0,0,0,0,0,0,0,0,0,0,0,0,0,0,0,0,0,0,0,0,0,0,0,0,0,0,0,0,0,0,0,0,0,0,0,0,0,0,0,0,0,0,0,0,0,0,0,0,0,0,0,0,0,0,0,0,0,0,0,0,0,0,0,0,0,0,0,0,0,0,0,0,0,0,0,0,0,0,0,0,0,0,0,0,0,0,0,0,0,0,0,0,0,0,0,0,0,0,0,0,0,0,0,0,0,0,0,0,0,0,0,0,0,0,0,0,0,0,0,0,0,0,0,0,0,0,0,0,0,0,0,0,0,0,4,4,0,0,0,0,0,0,0,0,0,0,4,4,7,7,6,6,6,6,8,8,6,6,6,6,7,7,7,7,4,4,8,8,6,6,7,7,7,7,1,1,0,0,1,1,64,64,62,62,62,0,0,0,0,0,0,0,0,0,0
mem_usage,449,449,449,449,449,449,449,449,449,449,449,449,449,449,449,449,449,449,449,449,449,449,449,449,449,449,449,449,449,449,449,449,449,449,449,449,449,449,449,449,449,449,449,449,449,449,449,449,449,449,449,449,449,449,449,449,449,449,449,449,449,449,449,449,449,449,449,449,449,449,449,449,449,449,449,449,449,449,449,449,449,449,449,449,449,449,449,449,449,449,449,449,449,449,449,449,449,449,449,449,449,449,449,449,449,449,449,449,449,449,449,449,449,449,449,449,449,449,449,449,449,449,449,449,449,449,449,449,449,449,449,449,449,449,449,449,449,449,449,449,449,449,449,449,449,449,449,449,449,449,449,449,449,449,449,449,449,449,449,449,449,449,449,449,449,449,449,449,449,449,449,449,449,449,449,449,449,449,449,449,449,449,449,449,449,449,449,449,449,449,449,449,449,449,449,449,449,449,449,449,449,449,449,449,449,449,449,449,449,449,449,449,449,449,449,449,449,449,449,449,449,449,449,449,449,449,449,449,449,449,449,449,449,449,449,449,449,449,449,449,449,450,452,452,452,452,452,452,452,452,452,462,467,549,549,549,549,549,549,549,549,549,549,549,549,567,597,637,669,711,731,761,801,835,867,901,929,961,997,1027,1063,1097,1131,1165,1207,1227,1273,1309,1345,1373,1407,1443,1477,2355,2355,2355,2355,2357,2357,3233,3233,1481,1481,1481,1481,1481,1481,1481,1481,1481,1481,1481,1481,1481,1478
pyt_usage,0,0,0,0,0,0,0,0,0,0,0,0,0,0,0,0,0,0,0,0,0,0,0,0,0,0,0,0,0,0,0,0,0,0,0,0,0,0,0,0,0,0,0,0,0,0,0,0,0,0,0,0,0,0,0,0,0,0,0,0,0,0,0,0,0,0,0,0,0,0,0,0,0,0,0,0,0,0,0,0,0,0,0,0,0,0,0,0,0,0,0,0,0,0,0,0,0,0,0,0,0,0,0,0,0,0,0,0,0,0,0,0,0,0,0,0,0,0,0,0,0,0,0,0,0,0,0,0,0,0,0,0,0,0,0,0,0,0,0,0,0,0,0,0,0,0,0,0,0,0,0,0,0,0,0,0,0,0,0,0,0,0,0,0,0,0,0,0,0,0,0,0,0,0,0,0,0,0,0,0,0,0,0,0,0,0,0,0,0,0,0,0,0,0,0,0,0,0,0,0,0,0,0,0,0,0,0,0,0,0,0,0,0,0,0,0,0,0,0,0,0,0,0,0,0,0,0,0,0,0,0,0,0,0,0,0,0,0,0,0,0,0,0,0,0,0,0,0,0,0,0,10,17,97,97,97,97,97,97,97,97,97,97,97,97,115,149,185,217,259,279,311,349,383,415,449,477,509,547,577,611,647,679,713,755,777,821,859,893,923,955,991,1025,1903,1903,1903,1903,1903,1903,2779,2779,1027,1027,1027,1027,1027,1027,1027,1027,1027,1027,1027,1027,1027,1027
max_usage,15360,15360,15360,15360,15360,15360,15360,15360,15360,15360,15360,15360,15360,15360,15360,15360,15360,15360,15360,15360,15360,15360,15360,15360,15360,15360,15360,15360,15360,15360,15360,15360,15360,15360,15360,15360,15360,15360,15360,15360,15360,15360,15360,15360,15360,15360,15360,15360,15360,15360,15360,15360,15360,15360,15360,15360,15360,15360,15360,15360,15360,15360,15360,15360,15360,15360,15360,15360,15360,15360,15360,15360,15360,15360,15360,15360,15360,15360,15360,15360,15360,15360,15360,15360,15360,15360,15360,15360,15360,15360,15360,15360,15360,15360,15360,15360,15360,15360,15360,15360,15360,15360,15360,15360,15360,15360,15360,15360,15360,15360,15360,15360,15360,15360,15360,15360,15360,15360,15360,15360,15360,15360,15360,15360,15360,15360,15360,15360,15360,15360,15360,15360,15360,15360,15360,15360,15360,15360,15360,15360,15360,15360,15360,15360,15360,15360,15360,15360,15360,15360,15360,15360,15360,15360,15360,15360,15360,15360,15360,15360,15360,15360,15360,15360,15360,15360,15360,15360,15360,15360,15360,15360,15360,15360,15360,15360,15360,15360,15360,15360,15360,15360,15360,15360,15360,15360,15360,15360,15360,15360,15360,15360,15360,15360,15360,15360,15360,15360,15360,15360,15360,15360,15360,15360,15360,15360,15360,15360,15360,15360,15360,15360,15360,15360,15360,15360,15360,15360,15360,15360,15360,15360,15360,15360,15360,15360,15360,15360,15360,15360,15360,15360,15360,15360,15360,15360,15360,15360,15360,15360,15360,15360,15360,15360,15360,15360,15360,15360,15360,15360,15360,15360,15360,15360,15360,15360,15360,15360,15360,15360,15360,15360,15360,15360,15360,15360,15360,15360,15360,15360,15360,15360,15360,15360,15360,15360,15360,15360,15360,15360,15360,15360,15360,15360,15360,15360,15360,15360,15360,15360,15360,15360,15360,15360,15360,15360,15360,15360,15360,15360,15360,15360,15360,15360,15360,15360,15360,15360,15360,15360,15360,15360,15360,15360,15360



